VARIABLE,TYPE,NGENES,BETA,BETA_STD,SE,P,FULL_NAME
REACTOME_THE_CITRIC_ACID_TCA...,SET,5,1.2011,0.079863,0.45965,0.0045471,REACTOME_THE_CITRIC_ACID_TCA_CYCLE_AND_RESPIRATORY_ELECTRON_TRANSPORT
REACTOME_COMPLEX_I_BIOGENESIS,SET,2,1.8514,0.07796,0.72608,0.0054548,REACTOME_COMPLEX_I_BIOGENESIS
REACTOME_ION_CHANNEL_TRANSPO...,SET,20,0.58309,0.077018,0.23135,0.0059315,REACTOME_ION_CHANNEL_TRANSPORT
REACTOME_RESPIRATORY_ELECTRO...1,SET,3,1.4214,0.073269,0.59316,0.008365,REACTOME_RESPIRATORY_ELECTRON_TRANSPORT
REACTOME_RESPIRATORY_ELECTRO...2,SET,3,1.4214,0.073269,0.59316,0.008365,REACTOME_RESPIRATORY_ELECTRON_TRANSPORT_ATP_SYNTHESIS_BY_CHEMIOSMOTIC_COUPLING_AND_HEAT_PRODUCTION_BY_UNCOUPLING_PROTEINS
REACTOME_HOST_INTERACTIONS_O...,SET,6,0.98989,0.072067,0.42079,0.0094128,REACTOME_HOST_INTERACTIONS_OF_HIV_FACTORS
REACTOME_LONG_TERM_POTENTIAT...,SET,6,0.96401,0.070182,0.41998,0.01095,REACTOME_LONG_TERM_POTENTIATION
REACTOME_STIMULI_SENSING_CHA...,SET,15,0.59291,0.067976,0.26681,0.013236,REACTOME_STIMULI_SENSING_CHANNELS
REACTOME_NUCLEAR_SIGNALING_B...,SET,4,1.1322,0.067362,0.5138,0.01388,REACTOME_NUCLEAR_SIGNALING_BY_ERBB4
REACTOME_GLUTAMATE_NEUROTRAN...,SET,3,1.2161,0.062688,0.59332,0.020318,REACTOME_GLUTAMATE_NEUROTRANSMITTER_RELEASE_CYCLE
REACTOME_POTASSIUM_CHANNELS,SET,14,0.55962,0.062012,0.27608,0.021451,REACTOME_POTASSIUM_CHANNELS
REACTOME_EPIGENETIC_REGULATI...,SET,6,0.83321,0.06066,0.42038,0.023861,REACTOME_EPIGENETIC_REGULATION_OF_GENE_EXPRESSION
REACTOME_NEGATIVE_EPIGENETIC...,SET,6,0.83321,0.06066,0.42038,0.023861,REACTOME_NEGATIVE_EPIGENETIC_REGULATION_OF_RRNA_EXPRESSION
REACTOME_SIGNALING_BY_EGFR,SET,2,1.4396,0.060616,0.72673,0.023929,REACTOME_SIGNALING_BY_EGFR
REACTOME_BUDDING_AND_MATURAT...,SET,2,1.4295,0.060191,0.72698,0.024758,REACTOME_BUDDING_AND_MATURATION_OF_HIV_VIRION
REACTOME_S_PHASE,SET,7,0.76097,0.059812,0.38933,0.025445,REACTOME_S_PHASE
REACTOME_TRNA_MODIFICATION_I...,SET,4,1.0005,0.059527,0.51442,0.026019,REACTOME_TRNA_MODIFICATION_IN_THE_NUCLEUS_AND_CYTOSOL
REACTOME_TRNA_PROCESSING,SET,4,1.0005,0.059527,0.51442,0.026019,REACTOME_TRNA_PROCESSING
REACTOME_INSERTION_OF_TAIL_A...,SET,2,1.4097,0.059361,0.72682,0.026343,REACTOME_INSERTION_OF_TAIL_ANCHORED_PROTEINS_INTO_THE_ENDOPLASMIC_RETICULUM_MEMBRANE
REACTOME_VOLTAGE_GATED_POTAS...,SET,8,0.70644,0.059334,0.36432,0.026375,REACTOME_VOLTAGE_GATED_POTASSIUM_CHANNELS
REACTOME_SIGNALING_BY_ERBB4,SET,5,0.84509,0.056189,0.46009,0.033255,REACTOME_SIGNALING_BY_ERBB4
REACTOME_SIGNALING_BY_NOTCH4,SET,5,0.8324,0.055346,0.46032,0.035418,REACTOME_SIGNALING_BY_NOTCH4
REACTOME_NEGATIVE_REGULATION...8,SET,5,0.8324,0.055346,0.46032,0.035418,REACTOME_NEGATIVE_REGULATION_OF_NOTCH4_SIGNALING
REACTOME_REGULATION_OF_EXPRE...,SET,6,0.75442,0.054924,0.42059,0.036568,REACTOME_REGULATION_OF_EXPRESSION_OF_SLITS_AND_ROBOS
REACTOME_RUNX1_REGULATES_TRA...1,SET,2,1.3007,0.054768,0.72686,0.036912,REACTOME_RUNX1_REGULATES_TRANSCRIPTION_OF_GENES_INVOLVED_IN_BCR_SIGNALING
REACTOME_SIGNALING_BY_GPCR,SET,64,0.23636,0.054726,0.13229,0.037133,REACTOME_SIGNALING_BY_GPCR
REACTOME_ORC1_REMOVAL_FROM_C...,SET,4,0.8995,0.053517,0.51441,0.040321,REACTOME_ORC1_REMOVAL_FROM_CHROMATIN
REACTOME_DNA_REPLICATION,SET,4,0.8995,0.053517,0.51441,0.040321,REACTOME_DNA_REPLICATION
REACTOME_CELLULAR_RESPONSE_T...2,SET,4,0.8995,0.053517,0.51441,0.040321,REACTOME_CELLULAR_RESPONSE_TO_HYPOXIA
REACTOME_DEGRADATION_OF_GLI1...,SET,4,0.8995,0.053517,0.51441,0.040321,REACTOME_DEGRADATION_OF_GLI1_BY_THE_PROTEASOME
REACTOME_SWITCHING_OF_ORIGIN...,SET,4,0.8995,0.053517,0.51441,0.040321,REACTOME_SWITCHING_OF_ORIGINS_TO_A_POST_REPLICATIVE_STATE
REACTOME_METABOLISM_OF_RNA,SET,21,0.39413,0.053321,0.22628,0.040911,REACTOME_METABOLISM_OF_RNA
REACTOME_SIGNALING_BY_NOTCH1...,SET,3,1.0328,0.053237,0.59382,0.041142,REACTOME_SIGNALING_BY_NOTCH1_PEST_DOMAIN_MUTANTS_IN_CANCER
REACTOME_HS_GAG_BIOSYNTHESIS,SET,5,0.77408,0.051468,0.46162,0.046926,REACTOME_HS_GAG_BIOSYNTHESIS
REACTOME_HEPARAN_SULFATE_HEP...,SET,5,0.77408,0.051468,0.46162,0.046926,REACTOME_HEPARAN_SULFATE_HEPARIN_HS_GAG_METABOLISM
REACTOME_SIGNALING_BY_WNT,SET,22,0.3705,0.051281,0.22148,0.047322,REACTOME_SIGNALING_BY_WNT
REACTOME_METABOLISM_OF_FAT_S...,SET,4,0.85728,0.051005,0.51591,0.048432,REACTOME_METABOLISM_OF_FAT_SOLUBLE_VITAMINS
REACTOME_DEGRADATION_OF_DVL,SET,5,0.76398,0.050796,0.46042,0.04867,REACTOME_DEGRADATION_OF_DVL
REACTOME_RHO_GTPASES_ACTIVAT...4,SET,3,0.97541,0.050281,0.5942,0.050485,REACTOME_RHO_GTPASES_ACTIVATE_WASPS_AND_WAVES
REACTOME_PROLACTIN_RECEPTOR_...,SET,2,1.1918,0.050183,0.72673,0.050653,REACTOME_PROLACTIN_RECEPTOR_SIGNALING
REACTOME_G_ALPHA_Q_SIGNALLIN...,SET,23,0.35214,0.049812,0.21644,0.052018,REACTOME_G_ALPHA_Q_SIGNALLING_EVENTS
REACTOME_INTERLEUKIN_1_SIGNA...,SET,7,0.62711,0.049291,0.3896,0.053884,REACTOME_INTERLEUKIN_1_SIGNALING
REACTOME_NEURONAL_SYSTEM,SET,54,0.22815,0.048752,0.14216,0.054404,REACTOME_NEURONAL_SYSTEM
REACTOME_NOTCH1_INTRACELLULA...,SET,4,0.82526,0.0491,0.51463,0.054546,REACTOME_NOTCH1_INTRACELLULAR_DOMAIN_REGULATES_TRANSCRIPTION
REACTOME_RMTS_METHYLATE_HIST...,SET,2,1.1654,0.049073,0.72702,0.054611,REACTOME_RMTS_METHYLATE_HISTONE_ARGININES
REACTOME_CROSSLINKING_OF_COL...,SET,3,0.95053,0.048998,0.59414,0.054962,REACTOME_CROSSLINKING_OF_COLLAGEN_FIBRILS
REACTOME_REGULATION_OF_RAS_B...,SET,5,0.79498,0.052857,0.49933,0.055828,REACTOME_REGULATION_OF_RAS_BY_GAPS
REACTOME_ANCHORING_FIBRIL_FO...,SET,2,1.157,0.04872,0.72729,0.055962,REACTOME_ANCHORING_FIBRIL_FORMATION
REACTOME_HS_GAG_DEGRADATION,SET,3,0.94561,0.048745,0.59632,0.056543,REACTOME_HS_GAG_DEGRADATION
REACTOME_A_TETRASACCHARIDE_L...,SET,3,0.94561,0.048745,0.59632,0.056543,REACTOME_A_TETRASACCHARIDE_LINKER_SEQUENCE_IS_REQUIRED_FOR_GAG_SYNTHESIS
REACTOME_DISEASES_ASSOCIATED...1,SET,3,0.94561,0.048745,0.59632,0.056543,REACTOME_DISEASES_ASSOCIATED_WITH_GLYCOSAMINOGLYCAN_METABOLISM
REACTOME_DEFECTIVE_B4GALT7_C...,SET,3,0.94561,0.048745,0.59632,0.056543,REACTOME_DEFECTIVE_B4GALT7_CAUSES_EDS_PROGEROID_TYPE
REACTOME_DEFECTIVE_EXT2_CAUS...,SET,3,0.94561,0.048745,0.59632,0.056543,REACTOME_DEFECTIVE_EXT2_CAUSES_EXOSTOSES_2
REACTOME_THE_ROLE_OF_NEF_IN_...,SET,2,1.1522,0.048516,0.72737,0.056736,REACTOME_THE_ROLE_OF_NEF_IN_HIV_1_REPLICATION_AND_DISEASE_PATHOGENESIS
REACTOME_INTRA_GOLGI_TRAFFIC,SET,3,0.93775,0.048339,0.59411,0.057382,REACTOME_INTRA_GOLGI_TRAFFIC
REACTOME_SIGNALING_BY_NOTCH,SET,12,0.46867,0.048124,0.29822,0.058171,REACTOME_SIGNALING_BY_NOTCH
REACTOME_UNBLOCKING_OF_NMDA_...,SET,4,0.80316,0.047785,0.51471,0.059478,REACTOME_UNBLOCKING_OF_NMDA_RECEPTORS_GLUTAMATE_BINDING_AND_ACTIVATION
REACTOME_RAS_ACTIVATION_UPON...,SET,4,0.80316,0.047785,0.51471,0.059478,REACTOME_RAS_ACTIVATION_UPON_CA2_INFLUX_THROUGH_NMDA_RECEPTOR
REACTOME_SIGNALING_BY_ERBB2,SET,4,0.80058,0.047631,0.5146,0.06003,REACTOME_SIGNALING_BY_ERBB2
REACTOME_SHC1_EVENTS_IN_ERBB...1,SET,4,0.80058,0.047631,0.5146,0.06003,REACTOME_SHC1_EVENTS_IN_ERBB2_SIGNALING
REACTOME_CYCLIN_A_CDK2_ASSOC...,SET,6,0.64024,0.046611,0.4207,0.064169,REACTOME_CYCLIN_A_CDK2_ASSOCIATED_EVENTS_AT_S_PHASE_ENTRY
REACTOME_CREB1_PHOSPHORYLATI...,SET,5,0.68982,0.045865,0.46061,0.067259,REACTOME_CREB1_PHOSPHORYLATION_THROUGH_NMDA_RECEPTOR_MEDIATED_ACTIVATION_OF_RAS_SIGNALING
REACTOME_G2_M_CHECKPOINTS,SET,6,0.61782,0.044979,0.42071,0.071124,REACTOME_G2_M_CHECKPOINTS
REACTOME_PRC2_METHYLATES_HIS...,SET,2,1.0482,0.044137,0.72728,0.074898,REACTOME_PRC2_METHYLATES_HISTONES_AND_DNA
REACTOME_DNA_METHYLATION,SET,2,1.0482,0.044137,0.72728,0.074898,REACTOME_DNA_METHYLATION
REACTOME_G_ALPHA_S_SIGNALLIN...,SET,11,0.44145,0.043419,0.31122,0.078168,REACTOME_G_ALPHA_S_SIGNALLING_EVENTS
REACTOME_NUCLEOTIDE_EXCISION...,SET,2,1.0242,0.043126,0.72717,0.079641,REACTOME_NUCLEOTIDE_EXCISION_REPAIR
REACTOME_FORMATION_OF_INCISI...,SET,2,1.0242,0.043126,0.72717,0.079641,REACTOME_FORMATION_OF_INCISION_COMPLEX_IN_GG_NER
REACTOME_GLOBAL_GENOME_NUCLE...,SET,2,1.0242,0.043126,0.72717,0.079641,REACTOME_GLOBAL_GENOME_NUCLEOTIDE_EXCISION_REPAIR_GG_NER
REACTOME_FORMATION_OF_TC_NER...,SET,2,1.0242,0.043126,0.72717,0.079641,REACTOME_FORMATION_OF_TC_NER_PRE_INCISION_COMPLEX
REACTOME_TRANSCRIPTION_COUPL...,SET,2,1.0242,0.043126,0.72717,0.079641,REACTOME_TRANSCRIPTION_COUPLED_NUCLEOTIDE_EXCISION_REPAIR_TC_NER
REACTOME_DUAL_INCISION_IN_TC...,SET,2,1.0242,0.043126,0.72717,0.079641,REACTOME_DUAL_INCISION_IN_TC_NER
REACTOME_RNA_POLYMERASE_I_TR...2,SET,4,0.72252,0.042987,0.51492,0.080426,REACTOME_RNA_POLYMERASE_I_TRANSCRIPTION_INITIATION
REACTOME_CLASS_I_MHC_MEDIATE...,SET,21,0.323,0.043697,0.23048,0.080687,REACTOME_CLASS_I_MHC_MEDIATED_ANTIGEN_PROCESSING_PRESENTATION
REACTOME_FBXW7_MUTANTS_AND_N...,SET,2,1.0172,0.042832,0.72721,0.081084,REACTOME_FBXW7_MUTANTS_AND_NOTCH1_IN_CANCER
REACTOME_ELEVATION_OF_CYTOSO...,SET,3,0.82917,0.042742,0.59419,0.08158,REACTOME_ELEVATION_OF_CYTOSOLIC_CA2_LEVELS
REACTOME_RNA_POLYMERASE_I_TR...1,SET,5,0.64288,0.042744,0.46076,0.081612,REACTOME_RNA_POLYMERASE_I_TRANSCRIPTION
REACTOME_MEIOTIC_RECOMBINATI...,SET,4,0.7161,0.042605,0.51496,0.082317,REACTOME_MEIOTIC_RECOMBINATION
REACTOME_REGULATION_OF_MECP2...,SET,2,1.0075,0.042425,0.72763,0.083214,REACTOME_REGULATION_OF_MECP2_EXPRESSION_AND_ACTIVITY
REACTOME_HIV_INFECTION,SET,13,0.3915,0.041823,0.28701,0.086418,REACTOME_HIV_INFECTION
REACTOME_INTERLEUKIN_1_FAMIL...,SET,8,0.49749,0.041785,0.36473,0.086421,REACTOME_INTERLEUKIN_1_FAMILY_SIGNALING
REACTOME_GRB2_EVENTS_IN_ERBB...,SET,3,0.79716,0.041092,0.59402,0.089942,REACTOME_GRB2_EVENTS_IN_ERBB2_SIGNALING
REACTOME_PI3K_EVENTS_IN_ERBB...2,SET,3,0.79716,0.041092,0.59402,0.089942,REACTOME_PI3K_EVENTS_IN_ERBB4_SIGNALING
REACTOME_SHC1_EVENTS_IN_ERBB...2,SET,3,0.79716,0.041092,0.59402,0.089942,REACTOME_SHC1_EVENTS_IN_ERBB4_SIGNALING
REACTOME_PI3K_EVENTS_IN_ERBB...1,SET,3,0.79716,0.041092,0.59402,0.089942,REACTOME_PI3K_EVENTS_IN_ERBB2_SIGNALING
REACTOME_ERBB2_REGULATES_CEL...,SET,3,0.79716,0.041092,0.59402,0.089942,REACTOME_ERBB2_REGULATES_CELL_MOTILITY
REACTOME_ERBB2_ACTIVATES_PTK...,SET,3,0.79716,0.041092,0.59402,0.089942,REACTOME_ERBB2_ACTIVATES_PTK6_SIGNALING
REACTOME_DOWNREGULATION_OF_E...2,SET,3,0.79716,0.041092,0.59402,0.089942,REACTOME_DOWNREGULATION_OF_ERBB2_SIGNALING
REACTOME_SIGNALING_BY_ERBB2_...,SET,3,0.79716,0.041092,0.59402,0.089942,REACTOME_SIGNALING_BY_ERBB2_IN_CANCER
REACTOME_SYNTHESIS_OF_PIPS_A...,SET,5,0.61239,0.040717,0.46073,0.092035,REACTOME_SYNTHESIS_OF_PIPS_AT_THE_PLASMA_MEMBRANE
REACTOME_NEGATIVE_REGULATION...7,SET,5,0.60745,0.040389,0.46076,0.09383,REACTOME_NEGATIVE_REGULATION_OF_NMDA_RECEPTOR_MEDIATED_NEURONAL_TRANSMISSION
REACTOME_HEDGEHOG_LIGAND_BIO...,SET,4,0.67707,0.040283,0.51488,0.09439,REACTOME_HEDGEHOG_LIGAND_BIOGENESIS
REACTOME_SIGNALING_BY_PDGF,SET,2,0.93862,0.039523,0.72762,0.098664,REACTOME_SIGNALING_BY_PDGF
REACTOME_POSITIVE_EPIGENETIC...,SET,4,0.65935,0.039229,0.51497,0.10035,REACTOME_POSITIVE_EPIGENETIC_REGULATION_OF_RRNA_EXPRESSION
REACTOME_CLATHRIN_MEDIATED_E...,SET,15,0.33965,0.03894,0.26718,0.10196,REACTOME_CLATHRIN_MEDIATED_ENDOCYTOSIS
REACTOME_MEIOSIS,SET,7,0.48694,0.038274,0.38986,0.10597,REACTOME_MEIOSIS
REACTOME_REPRODUCTION,SET,7,0.48694,0.038274,0.38986,0.10597,REACTOME_REPRODUCTION
REACTOME_PROTEIN_PROTEIN_INT...,SET,9,0.40861,0.036385,0.3275,0.10621,REACTOME_PROTEIN_PROTEIN_INTERACTIONS_AT_SYNAPSES
REACTOME_SIGNALING_BY_TGF_BE...1,SET,4,0.63534,0.0378,0.51502,0.1088,REACTOME_SIGNALING_BY_TGF_BETA_FAMILY_MEMBERS
REACTOME_DEGRADATION_OF_BETA...,SET,8,0.4474,0.037578,0.36474,0.11011,REACTOME_DEGRADATION_OF_BETA_CATENIN_BY_THE_DESTRUCTION_COMPLEX
REACTOME_TCF_DEPENDENT_SIGNA...,SET,12,0.36497,0.037476,0.29842,0.11079,REACTOME_TCF_DEPENDENT_SIGNALING_IN_RESPONSE_TO_WNT
REACTOME_G_ALPHA_I_SIGNALLIN...,SET,35,0.21276,0.036924,0.17655,0.11421,REACTOME_G_ALPHA_I_SIGNALLING_EVENTS
REACTOME_HEDGEHOG_ON_STATE,SET,5,0.55208,0.036707,0.46066,0.1155,REACTOME_HEDGEHOG_ON_STATE
REACTOME_PCP_CE_PATHWAY,SET,5,0.5493,0.036523,0.46185,0.11728,REACTOME_PCP_CE_PATHWAY
REACTOME_PYRUVATE_METABOLISM...,SET,2,0.86465,0.036408,0.72762,0.11748,REACTOME_PYRUVATE_METABOLISM_AND_CITRIC_ACID_TCA_CYCLE
REACTOME_CROSS_PRESENTATION_...,SET,3,0.70615,0.036401,0.59433,0.11752,REACTOME_CROSS_PRESENTATION_OF_SOLUBLE_EXOGENOUS_ANTIGENS_ENDOSOMES
REACTOME_METABOLISM_OF_POLYA...,SET,3,0.70615,0.036401,0.59433,0.11752,REACTOME_METABOLISM_OF_POLYAMINES
REACTOME_ASSEMBLY_OF_THE_PRE...,SET,3,0.70615,0.036401,0.59433,0.11752,REACTOME_ASSEMBLY_OF_THE_PRE_REPLICATIVE_COMPLEX
REACTOME_REGULATION_OF_MRNA_...,SET,3,0.70615,0.036401,0.59433,0.11752,REACTOME_REGULATION_OF_MRNA_STABILITY_BY_PROTEINS_THAT_BIND_AU_RICH_ELEMENTS
REACTOME_APC_C_CDH1_MEDIATED...,SET,3,0.70615,0.036401,0.59433,0.11752,REACTOME_APC_C_CDH1_MEDIATED_DEGRADATION_OF_CDC20_AND_OTHER_APC_C_CDH1_TARGETED_PROTEINS_IN_LATE_MITOSIS_EARLY_G1
REACTOME_SCF_SKP2_MEDIATED_D...,SET,3,0.70615,0.036401,0.59433,0.11752,REACTOME_SCF_SKP2_MEDIATED_DEGRADATION_OF_P27_P21
REACTOME_AUF1_HNRNP_D0_BINDS...,SET,3,0.70615,0.036401,0.59433,0.11752,REACTOME_AUF1_HNRNP_D0_BINDS_AND_DESTABILIZES_MRNA
REACTOME_DECTIN_1_MEDIATED_N...,SET,3,0.70615,0.036401,0.59433,0.11752,REACTOME_DECTIN_1_MEDIATED_NONCANONICAL_NF_KB_SIGNALING
REACTOME_DNA_REPLICATION_PRE...,SET,3,0.70615,0.036401,0.59433,0.11752,REACTOME_DNA_REPLICATION_PRE_INITIATION
REACTOME_STABILIZATION_OF_P53,SET,3,0.70615,0.036401,0.59433,0.11752,REACTOME_STABILIZATION_OF_P53
REACTOME_REGULATION_OF_RUNX3...,SET,3,0.70615,0.036401,0.59433,0.11752,REACTOME_REGULATION_OF_RUNX3_EXPRESSION_AND_ACTIVITY
REACTOME_APC_C_MEDIATED_DEGR...,SET,3,0.70615,0.036401,0.59433,0.11752,REACTOME_APC_C_MEDIATED_DEGRADATION_OF_CELL_CYCLE_PROTEINS
REACTOME_NEUROTRANSMITTER_RE...2,SET,7,0.46256,0.036358,0.38971,0.11776,REACTOME_NEUROTRANSMITTER_RELEASE_CYCLE
REACTOME_NEUREXINS_AND_NEURO...,SET,8,0.40885,0.03434,0.34543,0.11842,REACTOME_NEUREXINS_AND_NEUROLIGINS
REACTOME_CARGO_RECOGNITION_F...,SET,9,0.40612,0.036163,0.34394,0.11897,REACTOME_CARGO_RECOGNITION_FOR_CLATHRIN_MEDIATED_ENDOCYTOSIS
REACTOME_TRP_CHANNELS,SET,6,0.49518,0.03605,0.42087,0.11981,REACTOME_TRP_CHANNELS
REACTOME_ION_HOMEOSTASIS,SET,6,0.49361,0.035936,0.42071,0.12047,REACTOME_ION_HOMEOSTASIS
REACTOME_CELL_CYCLE_CHECKPOI...,SET,10,0.39796,0.037337,0.33955,0.12072,REACTOME_CELL_CYCLE_CHECKPOINTS
REACTOME_ION_TRANSPORT_BY_P_...,SET,5,0.53878,0.035823,0.46025,0.12101,REACTOME_ION_TRANSPORT_BY_P_TYPE_ATPASES
REACTOME_SPHINGOLIPID_DE_NOV...,SET,4,0.59819,0.03559,0.51504,0.12285,REACTOME_SPHINGOLIPID_DE_NOVO_BIOSYNTHESIS
REACTOME_DISEASES_OF_SIGNAL_...,SET,30,0.22096,0.035583,0.19281,0.12603,REACTOME_DISEASES_OF_SIGNAL_TRANSDUCTION_BY_GROWTH_FACTOR_RECEPTORS_AND_SECOND_MESSENGERS
REACTOME_NEGATIVE_REGULATION...9,SET,6,0.48246,0.035124,0.42246,0.12685,REACTOME_NEGATIVE_REGULATION_OF_THE_PI3K_AKT_NETWORK
REACTOME_ANTIGEN_PROCESSING_...1,SET,4,0.58722,0.034937,0.51501,0.12722,REACTOME_ANTIGEN_PROCESSING_CROSS_PRESENTATION
REACTOME_VISUAL_PHOTOTRANSDU...,SET,11,0.35366,0.034784,0.31175,0.12843,REACTOME_VISUAL_PHOTOTRANSDUCTION
REACTOME_TRAFFICKING_OF_AMPA...,SET,3,0.66523,0.034291,0.59454,0.13172,REACTOME_TRAFFICKING_OF_AMPA_RECEPTORS
REACTOME_RETROGRADE_NEUROTRO...,SET,2,0.81363,0.03426,0.72778,0.13192,REACTOME_RETROGRADE_NEUROTROPHIN_SIGNALLING
REACTOME_INTEGRIN_CELL_SURFA...,SET,6,0.47015,0.034228,0.42095,0.13214,REACTOME_INTEGRIN_CELL_SURFACE_INTERACTIONS
REACTOME_ANTIGEN_PROCESSING_...2,SET,19,0.27017,0.034798,0.24262,0.13286,REACTOME_ANTIGEN_PROCESSING_UBIQUITINATION_PROTEASOME_DEGRADATION
REACTOME_EFFECTS_OF_PIP2_HYD...,SET,9,0.38158,0.033978,0.34403,0.1338,REACTOME_EFFECTS_OF_PIP2_HYDROLYSIS
REACTOME_PRE_NOTCH_EXPRESSIO...,SET,3,0.65914,0.033978,0.59433,0.13382,REACTOME_PRE_NOTCH_EXPRESSION_AND_PROCESSING
REACTOME_PI_METABOLISM,SET,6,0.46484,0.033841,0.42091,0.13484,REACTOME_PI_METABOLISM
REACTOME_SIGNALING_BY_NOTCH1,SET,5,0.50583,0.033632,0.46083,0.1363,REACTOME_SIGNALING_BY_NOTCH1
REACTOME_PROCESSING_OF_CAPPE...,SET,8,0.39675,0.033323,0.36471,0.13845,REACTOME_PROCESSING_OF_CAPPED_INTRON_CONTAINING_PRE_MRNA
REACTOME_MRNA_SPLICING,SET,8,0.39675,0.033323,0.36471,0.13845,REACTOME_MRNA_SPLICING
REACTOME_ASYMMETRIC_LOCALIZA...,SET,4,0.56005,0.033321,0.515,0.13853,REACTOME_ASYMMETRIC_LOCALIZATION_OF_PCP_PROTEINS
REACTOME_NONHOMOLOGOUS_END_J...,SET,2,0.79049,0.033286,0.72778,0.13882,REACTOME_NONHOMOLOGOUS_END_JOINING_NHEJ
REACTOME_SMOOTH_MUSCLE_CONTR...,SET,2,0.77989,0.032839,0.72755,0.14199,REACTOME_SMOOTH_MUSCLE_CONTRACTION
REACTOME_JNK_C_JUN_KINASES_P...,SET,2,0.76485,0.032206,0.72787,0.14679,REACTOME_JNK_C_JUN_KINASES_PHOSPHORYLATION_AND_ACTIVATION_MEDIATED_BY_ACTIVATED_HUMAN_TAK1
REACTOME_ACTIVATED_TAK1_MEDI...,SET,2,0.76485,0.032206,0.72787,0.14679,REACTOME_ACTIVATED_TAK1_MEDIATES_P38_MAPK_ACTIVATION
REACTOME_NOD1_2_SIGNALING_PA...,SET,2,0.76485,0.032206,0.72787,0.14679,REACTOME_NOD1_2_SIGNALING_PATHWAY
REACTOME_TRANSCRIPTIONAL_REG...6,SET,2,0.75983,0.031994,0.72732,0.1482,REACTOME_TRANSCRIPTIONAL_REGULATION_BY_THE_AP_2_TFAP2_FAMILY_OF_TRANSCRIPTION_FACTORS
REACTOME_NEGATIVE_REGULATION...1,SET,2,0.75983,0.031994,0.72732,0.1482,REACTOME_NEGATIVE_REGULATION_OF_ACTIVITY_OF_TFAP2_AP_2_FAMILY_TRANSCRIPTION_FACTORS
REACTOME_RNA_POLYMERASE_I_PR...,SET,4,0.53708,0.031954,0.51512,0.14867,REACTOME_RNA_POLYMERASE_I_PROMOTER_ESCAPE
REACTOME_GLYCOSAMINOGLYCAN_M...,SET,7,0.4034,0.031708,0.39049,0.1509,REACTOME_GLYCOSAMINOGLYCAN_METABOLISM
REACTOME_FLT3_SIGNALING,SET,22,0.23223,0.032143,0.22547,0.15162,REACTOME_FLT3_SIGNALING
REACTOME_SIGNALING_BY_HEDGEH...,SET,12,0.30701,0.031524,0.29836,0.15186,REACTOME_SIGNALING_BY_HEDGEHOG
REACTOME_RNA_POLYMERASE_I_TR...3,SET,3,0.60842,0.031363,0.59457,0.1532,REACTOME_RNA_POLYMERASE_I_TRANSCRIPTION_TERMINATION
REACTOME_BETA_CATENIN_INDEPE...,SET,14,0.27832,0.030841,0.27673,0.15737,REACTOME_BETA_CATENIN_INDEPENDENT_WNT_SIGNALING
REACTOME_KERATINIZATION,SET,2,0.7285,0.030675,0.72758,0.15846,REACTOME_KERATINIZATION
REACTOME_FORMATION_OF_THE_CO...,SET,2,0.7285,0.030675,0.72758,0.15846,REACTOME_FORMATION_OF_THE_CORNIFIED_ENVELOPE
REACTOME_TNFR1_INDUCED_NFKAP...,SET,2,0.72528,0.03054,0.72783,0.15962,REACTOME_TNFR1_INDUCED_NFKAPPAB_SIGNALING_PATHWAY
REACTOME_TNF_SIGNALING,SET,2,0.72528,0.03054,0.72783,0.15962,REACTOME_TNF_SIGNALING
REACTOME_TNFR2_NON_CANONICAL...,SET,5,0.45792,0.030447,0.46088,0.16033,REACTOME_TNFR2_NON_CANONICAL_NF_KB_PATHWAY
REACTOME_SIRT1_NEGATIVELY_RE...,SET,2,0.72078,0.03035,0.72784,0.16112,REACTOME_SIRT1_NEGATIVELY_REGULATES_RRNA_EXPRESSION
REACTOME_CONDENSATION_OF_PRO...,SET,4,0.50611,0.030111,0.5151,0.16303,REACTOME_CONDENSATION_OF_PROPHASE_CHROMOSOMES
REACTOME_CHROMATIN_MODIFYING...,SET,13,0.28137,0.030058,0.28688,0.16346,REACTOME_CHROMATIN_MODIFYING_ENZYMES
REACTOME_DEGRADATION_OF_THE_...,SET,11,0.30536,0.030034,0.31154,0.16361,REACTOME_DEGRADATION_OF_THE_EXTRACELLULAR_MATRIX
REACTOME_DOWNREGULATION_OF_E...1,SET,2,0.71109,0.029942,0.72787,0.16441,REACTOME_DOWNREGULATION_OF_ERBB2_ERBB3_SIGNALING
REACTOME_GRB7_EVENTS_IN_ERBB...,SET,2,0.71109,0.029942,0.72787,0.16441,REACTOME_GRB7_EVENTS_IN_ERBB2_SIGNALING
REACTOME_GPCR_LIGAND_BINDING,SET,21,0.21989,0.029748,0.22639,0.16581,REACTOME_GPCR_LIGAND_BINDING
REACTOME_METABOLISM_OF_STERO...2,SET,2,0.70386,0.029638,0.72768,0.16681,REACTOME_METABOLISM_OF_STEROID_HORMONES
REACTOME_MITOTIC_G1_PHASE_AN...,SET,9,0.32847,0.029248,0.34416,0.17005,REACTOME_MITOTIC_G1_PHASE_AND_G1_S_TRANSITION
REACTOME_ERCC6_CSB_AND_EHMT2...,SET,2,0.69105,0.029098,0.72786,0.17131,REACTOME_ERCC6_CSB_AND_EHMT2_G9A_POSITIVELY_REGULATE_RRNA_EXPRESSION
REACTOME_CGMP_EFFECTS,SET,6,0.38856,0.028288,0.42099,0.17811,REACTOME_CGMP_EFFECTS
REACTOME_NITRIC_OXIDE_STIMUL...,SET,6,0.38856,0.028288,0.42099,0.17811,REACTOME_NITRIC_OXIDE_STIMULATES_GUANYLATE_CYCLASE
REACTOME_CLASS_A_1_RHODOPSIN...,SET,13,0.26201,0.02799,0.28683,0.1806,REACTOME_CLASS_A_1_RHODOPSIN_LIKE_RECEPTORS
REACTOME_ASSEMBLY_OF_COLLAGE...,SET,5,0.41985,0.027916,0.461,0.18132,REACTOME_ASSEMBLY_OF_COLLAGEN_FIBRILS_AND_OTHER_MULTIMERIC_STRUCTURES
REACTOME_HEDGEHOG_OFF_STATE,SET,11,0.28085,0.027624,0.31152,0.18374,REACTOME_HEDGEHOG_OFF_STATE
REACTOME_SIGNALING_BY_BMP,SET,2,0.65218,0.027462,0.72794,0.18525,REACTOME_SIGNALING_BY_BMP
REACTOME_PROTEIN_LOCALIZATION,SET,5,0.41044,0.02729,0.46085,0.18667,REACTOME_PROTEIN_LOCALIZATION
REACTOME_LISTERIA_MONOCYTOGE...,SET,2,0.64487,0.027154,0.7278,0.18789,REACTOME_LISTERIA_MONOCYTOGENES_ENTRY_INTO_HOST_CELLS
REACTOME_G2_M_DNA_DAMAGE_CHE...,SET,3,0.52617,0.027123,0.59461,0.1882,REACTOME_G2_M_DNA_DAMAGE_CHECKPOINT
REACTOME_PROCESSING_OF_DNA_D...,SET,3,0.52617,0.027123,0.59461,0.1882,REACTOME_PROCESSING_OF_DNA_DOUBLE_STRAND_BREAK_ENDS
REACTOME_ROLE_OF_SECOND_MESS...,SET,3,0.52584,0.027106,0.59451,0.18831,REACTOME_ROLE_OF_SECOND_MESSENGERS_IN_NETRIN_1_SIGNALING
REACTOME_B_WICH_COMPLEX_POSI...,SET,3,0.52428,0.027026,0.5946,0.18906,REACTOME_B_WICH_COMPLEX_POSITIVELY_REGULATES_RRNA_EXPRESSION
REACTOME_ACTIVATION_OF_NMDA_...,SET,13,0.24642,0.026325,0.28678,0.19519,REACTOME_ACTIVATION_OF_NMDA_RECEPTORS_AND_POSTSYNAPTIC_EVENTS
REACTOME_DOWNREGULATION_OF_T...,SET,2,0.61621,0.025947,0.72794,0.19873,REACTOME_DOWNREGULATION_OF_TGF_BETA_RECEPTOR_SIGNALING
REACTOME_TGF_BETA_RECEPTOR_S...,SET,2,0.61621,0.025947,0.72794,0.19873,REACTOME_TGF_BETA_RECEPTOR_SIGNALING_ACTIVATES_SMADS
REACTOME_SIGNALING_BY_TGF_BE...2,SET,2,0.61621,0.025947,0.72794,0.19873,REACTOME_SIGNALING_BY_TGF_BETA_RECEPTOR_COMPLEX
REACTOME_NUCLEOTIDE_BINDING_...,SET,4,0.43543,0.025906,0.51528,0.19914,REACTOME_NUCLEOTIDE_BINDING_DOMAIN_LEUCINE_RICH_REPEAT_CONTAINING_RECEPTOR_NLR_SIGNALING_PATHWAYS
REACTOME_DEGRADATION_OF_AXIN,SET,4,0.43511,0.025888,0.51515,0.19925,REACTOME_DEGRADATION_OF_AXIN
REACTOME_MITOTIC_METAPHASE_A...,SET,7,0.3424,0.026913,0.41262,0.20341,REACTOME_MITOTIC_METAPHASE_AND_ANAPHASE
REACTOME_SEPARATION_OF_SISTE...,SET,7,0.3424,0.026913,0.41262,0.20341,REACTOME_SEPARATION_OF_SISTER_CHROMATIDS
REACTOME_O_LINKED_GLYCOSYLAT...2,SET,4,0.41953,0.024961,0.51448,0.2075,REACTOME_O_LINKED_GLYCOSYLATION_OF_MUCINS
REACTOME_DAG_AND_IP3_SIGNALI...,SET,8,0.29189,0.024516,0.36485,0.21194,REACTOME_DAG_AND_IP3_SIGNALING
REACTOME_MITOTIC_SPINDLE_CHE...,SET,3,0.54868,0.028283,0.68669,0.21222,REACTOME_MITOTIC_SPINDLE_CHECKPOINT
REACTOME_METABOLIC_DISORDERS...,SET,3,0.56872,0.029316,0.7251,0.21651,REACTOME_METABOLIC_DISORDERS_OF_BIOLOGICAL_OXIDATION_ENZYMES
REACTOME_RAF_ACTIVATION,SET,3,0.46303,0.023868,0.59453,0.21813,REACTOME_RAF_ACTIVATION
REACTOME_PLATELET_HOMEOSTASIS,SET,11,0.24217,0.023818,0.31152,0.21856,REACTOME_PLATELET_HOMEOSTASIS
REACTOME_ANTIVIRAL_MECHANISM...,SET,3,0.46109,0.023768,0.59474,0.21917,REACTOME_ANTIVIRAL_MECHANISM_BY_IFN_STIMULATED_GENES
REACTOME_RUNX1_AND_FOXP3_CON...,SET,3,0.46026,0.023725,0.59449,0.21949,REACTOME_RUNX1_AND_FOXP3_CONTROL_THE_DEVELOPMENT_OF_REGULATORY_T_LYMPHOCYTES_TREGS
REACTOME_CHONDROITIN_SULFATE...,SET,5,0.35717,0.023748,0.46196,0.2198,REACTOME_CHONDROITIN_SULFATE_DERMATAN_SULFATE_METABOLISM
REACTOME_CELL_CYCLE,SET,31,0.14651,0.023973,0.1896,0.21992,REACTOME_CELL_CYCLE
REACTOME_ACTIVATION_OF_THE_P...,SET,2,0.5622,0.023673,0.72808,0.22009,REACTOME_ACTIVATION_OF_THE_PHOTOTRANSDUCTION_CASCADE
REACTOME_PHYSIOLOGICAL_FACTO...,SET,2,0.55414,0.023334,0.72779,0.22329,REACTOME_PHYSIOLOGICAL_FACTORS
REACTOME_SPHINGOLIPID_METABO...,SET,5,0.34883,0.023193,0.46103,0.22472,REACTOME_SPHINGOLIPID_METABOLISM
REACTOME_PHASE_3_RAPID_REPOL...,SET,2,0.55065,0.023187,0.72808,0.22481,REACTOME_PHASE_3_RAPID_REPOLARISATION
REACTOME_MUSCLE_CONTRACTION,SET,17,0.18978,0.023142,0.25132,0.22517,REACTOME_MUSCLE_CONTRACTION
REACTOME_RAB_GERANYLGERANYLA...,SET,2,0.53976,0.022728,0.72783,0.22925,REACTOME_RAB_GERANYLGERANYLATION
REACTOME_EXTRA_NUCLEAR_ESTRO...,SET,5,0.34052,0.022641,0.46089,0.23008,REACTOME_EXTRA_NUCLEAR_ESTROGEN_SIGNALING
REACTOME_RAB_GEFS_EXCHANGE_G...,SET,4,0.37588,0.022364,0.51515,0.23288,REACTOME_RAB_GEFS_EXCHANGE_GTP_FOR_GDP_ON_RABS
REACTOME_METABOLISM_OF_NUCLE...,SET,3,0.49904,0.025725,0.6867,0.23378,REACTOME_METABOLISM_OF_NUCLEOTIDES
REACTOME_NUCLEOBASE_CATABOLI...,SET,3,0.49904,0.025725,0.6867,0.23378,REACTOME_NUCLEOBASE_CATABOLISM
REACTOME_TRAFFICKING_OF_GLUR...,SET,2,0.52008,0.021899,0.72803,0.23757,REACTOME_TRAFFICKING_OF_GLUR2_CONTAINING_AMPA_RECEPTORS
REACTOME_PYRIMIDINE_CATABOLI...,SET,2,0.51457,0.021667,0.7281,0.23994,REACTOME_PYRIMIDINE_CATABOLISM
REACTOME_UCH_PROTEINASES,SET,5,0.32541,0.021637,0.46101,0.24021,REACTOME_UCH_PROTEINASES
REACTOME_MITOTIC_PROPHASE,SET,5,0.3221,0.021416,0.46106,0.24247,REACTOME_MITOTIC_PROPHASE
REACTOME_ACTIVATION_OF_RAC1,SET,2,0.50798,0.02139,0.72777,0.24266,REACTOME_ACTIVATION_OF_RAC1
REACTOME_N_GLYCAN_ANTENNAE_E...1,SET,2,0.50257,0.021162,0.72808,0.24509,REACTOME_N_GLYCAN_ANTENNAE_ELONGATION
REACTOME_N_GLYCAN_ANTENNAE_E...2,SET,2,0.50257,0.021162,0.72808,0.24509,REACTOME_N_GLYCAN_ANTENNAE_ELONGATION_IN_THE_MEDIAL_TRANS_GOLGI
REACTOME_REGULATION_OF_RUNX2...,SET,8,0.24809,0.020837,0.36493,0.24838,REACTOME_REGULATION_OF_RUNX2_EXPRESSION_AND_ACTIVITY
REACTOME_RHO_GTPASE_EFFECTORS,SET,14,0.18977,0.021028,0.28432,0.25231,REACTOME_RHO_GTPASE_EFFECTORS
REACTOME_INFECTIOUS_DISEASE,SET,42,0.10791,0.020449,0.16188,0.25258,REACTOME_INFECTIOUS_DISEASE
REACTOME_TRANSCRIPTIONAL_REG...5,SET,6,0.28043,0.020416,0.42096,0.25272,REACTOME_TRANSCRIPTIONAL_REGULATION_BY_RUNX3
REACTOME_REGULATION_OF_CHOLE...,SET,3,0.39543,0.020384,0.59455,0.25307,REACTOME_REGULATION_OF_CHOLESTEROL_BIOSYNTHESIS_BY_SREBP_SREBF
REACTOME_ACTIVATION_OF_GENE_...,SET,3,0.39543,0.020384,0.59455,0.25307,REACTOME_ACTIVATION_OF_GENE_EXPRESSION_BY_SREBF_SREBP
REACTOME_G_BETA_GAMMA_SIGNAL...,SET,2,0.47996,0.02021,0.72715,0.25468,REACTOME_G_BETA_GAMMA_SIGNALLING_THROUGH_CDC42
REACTOME_SIGNALING_BY_FGFR_I...,SET,2,0.47734,0.0201,0.72781,0.25603,REACTOME_SIGNALING_BY_FGFR_IN_DISEASE
REACTOME_SIGNALING_BY_CYTOSO...,SET,2,0.47734,0.0201,0.72781,0.25603,REACTOME_SIGNALING_BY_CYTOSOLIC_FGFR1_FUSION_MUTANTS
REACTOME_FGFR1_MUTANT_RECEPT...,SET,2,0.47734,0.0201,0.72781,0.25603,REACTOME_FGFR1_MUTANT_RECEPTOR_ACTIVATION
REACTOME_SIGNALING_BY_FGFR1_...,SET,2,0.47734,0.0201,0.72781,0.25603,REACTOME_SIGNALING_BY_FGFR1_IN_DISEASE
REACTOME_SIGNALING_BY_ROBO_R...,SET,11,0.2037,0.020035,0.31165,0.25674,REACTOME_SIGNALING_BY_ROBO_RECEPTORS
REACTOME_MAPK_FAMILY_SIGNALI...,SET,27,0.13079,0.02001,0.20332,0.26009,REACTOME_MAPK_FAMILY_SIGNALING_CASCADES
REACTOME_SIGNALING_BY_RETINO...,SET,4,0.3331,0.019818,0.51791,0.26013,REACTOME_SIGNALING_BY_RETINOIC_ACID
REACTOME_ALPHA_OXIDATION_OF_...,SET,2,0.4661,0.019626,0.72786,0.26103,REACTOME_ALPHA_OXIDATION_OF_PHYTANATE
REACTOME_SYNTHESIS_OF_IP2_IP...,SET,2,0.46522,0.019589,0.72811,0.2615,REACTOME_SYNTHESIS_OF_IP2_IP_AND_INS_IN_THE_CYTOSOL
REACTOME_PLATELET_CALCIUM_HO...,SET,5,0.294,0.019548,0.46079,0.26179,REACTOME_PLATELET_CALCIUM_HOMEOSTASIS
REACTOME_COLLAGEN_DEGRADATION,SET,6,0.26523,0.01931,0.42111,0.26446,REACTOME_COLLAGEN_DEGRADATION
REACTOME_CHEMOKINE_RECEPTORS...,SET,3,0.36881,0.019011,0.59426,0.26749,REACTOME_CHEMOKINE_RECEPTORS_BIND_CHEMOKINES
REACTOME_SIGNALING_BY_MODERA...,SET,7,0.24129,0.018966,0.39002,0.26813,REACTOME_SIGNALING_BY_MODERATE_KINASE_ACTIVITY_BRAF_MUTANTS
REACTOME_INTERLEUKIN_3_INTER...,SET,2,0.45004,0.01895,0.72772,0.26821,REACTOME_INTERLEUKIN_3_INTERLEUKIN_5_AND_GM_CSF_SIGNALING
REACTOME_ERYTHROPOIETIN_ACTI...2,SET,2,0.45004,0.01895,0.72772,0.26821,REACTOME_ERYTHROPOIETIN_ACTIVATES_RAS
REACTOME_NUCLEAR_EVENTS_KINA...,SET,4,0.31241,0.018587,0.5151,0.27215,REACTOME_NUCLEAR_EVENTS_KINASE_AND_TRANSCRIPTION_FACTOR_ACTIVATION
REACTOME_CLASS_C_3_METABOTRO...,SET,4,0.30268,0.018008,0.51475,0.27832,REACTOME_CLASS_C_3_METABOTROPIC_GLUTAMATE_PHEROMONE_RECEPTORS
REACTOME_VEGFR2_MEDIATED_CEL...,SET,2,0.42206,0.017772,0.72791,0.28107,REACTOME_VEGFR2_MEDIATED_CELL_PROLIFERATION
REACTOME_CONSTITUTIVE_SIGNAL...1,SET,5,0.26448,0.017585,0.46089,0.2831,REACTOME_CONSTITUTIVE_SIGNALING_BY_ABERRANT_PI3K_IN_CANCER
REACTOME_NGF_STIMULATED_TRAN...,SET,3,0.33842,0.017445,0.59453,0.28466,REACTOME_NGF_STIMULATED_TRANSCRIPTION
REACTOME_ONCOGENIC_MAPK_SIGN...,SET,9,0.20107,0.017905,0.35954,0.28805,REACTOME_ONCOGENIC_MAPK_SIGNALING
REACTOME_INNATE_IMMUNE_SYSTEM,SET,52,0.081182,0.017039,0.14613,0.28931,REACTOME_INNATE_IMMUNE_SYSTEM
REACTOME_ABC_FAMILY_PROTEINS...,SET,4,0.28306,0.016841,0.51524,0.29143,REACTOME_ABC_FAMILY_PROTEINS_MEDIATED_TRANSPORT
REACTOME_ABC_TRANSPORTER_DIS...,SET,4,0.28306,0.016841,0.51524,0.29143,REACTOME_ABC_TRANSPORTER_DISORDERS
REACTOME_DEFECTIVE_CFTR_CAUS...,SET,4,0.28306,0.016841,0.51524,0.29143,REACTOME_DEFECTIVE_CFTR_CAUSES_CYSTIC_FIBROSIS
REACTOME_INTRACELLULAR_SIGNA...,SET,23,0.11818,0.016717,0.21706,0.29312,REACTOME_INTRACELLULAR_SIGNALING_BY_SECOND_MESSENGERS
REACTOME_INWARDLY_RECTIFYING...,SET,2,0.39539,0.016649,0.72674,0.29326,REACTOME_INWARDLY_RECTIFYING_K_CHANNELS
REACTOME_SIGNALING_BY_RHO_GT...,SET,30,0.10387,0.016726,0.19273,0.29503,REACTOME_SIGNALING_BY_RHO_GTPASES
REACTOME_MAPK6_MAPK4_SIGNALI...,SET,7,0.21001,0.016507,0.38992,0.29513,REACTOME_MAPK6_MAPK4_SIGNALING
REACTOME_GLUCAGON_LIKE_PEPTI...,SET,4,0.27659,0.016456,0.51494,0.29564,REACTOME_GLUCAGON_LIKE_PEPTIDE_1_GLP1_REGULATES_INSULIN_SECRETION
REACTOME_SIGNALING_BY_SCF_KIT,SET,4,0.27429,0.016319,0.51516,0.29726,REACTOME_SIGNALING_BY_SCF_KIT
REACTOME_COLLAGEN_FORMATION,SET,12,0.15853,0.016278,0.29857,0.29778,REACTOME_COLLAGEN_FORMATION
REACTOME_SIGNALING_BY_NUCLEA...,SET,16,0.14155,0.016753,0.26754,0.29843,REACTOME_SIGNALING_BY_NUCLEAR_RECEPTORS
REACTOME_CELL_CYCLE_MITOTIC,SET,23,0.1155,0.016338,0.22027,0.30006,REACTOME_CELL_CYCLE_MITOTIC
REACTOME_REGULATION_OF_PTEN_...2,SET,4,0.26946,0.016032,0.51526,0.30055,REACTOME_REGULATION_OF_PTEN_STABILITY_AND_ACTIVITY
REACTOME_TRANSMISSION_ACROSS...,SET,35,0.091366,0.015856,0.17679,0.3027,REACTOME_TRANSMISSION_ACROSS_CHEMICAL_SYNAPSES
REACTOME_HDACS_DEACETYLATE_H...,SET,3,0.30069,0.0155,0.59445,0.30654,REACTOME_HDACS_DEACETYLATE_HISTONES
REACTOME_COLLAGEN_CHAIN_TRIM...,SET,6,0.20994,0.015284,0.42114,0.30911,REACTOME_COLLAGEN_CHAIN_TRIMERIZATION
REACTOME_PKMTS_METHYLATE_HIS...,SET,4,0.2567,0.015273,0.51528,0.30923,REACTOME_PKMTS_METHYLATE_HISTONE_LYSINES
REACTOME_MHC_CLASS_II_ANTIGE...,SET,6,0.2079,0.015135,0.42114,0.31082,REACTOME_MHC_CLASS_II_ANTIGEN_PRESENTATION
REACTOME_TOLL_LIKE_RECEPTOR_...3,SET,4,0.25286,0.015044,0.51533,0.31188,REACTOME_TOLL_LIKE_RECEPTOR_9_TLR9_CASCADE
REACTOME_TOLL_LIKE_RECEPTOR_...5,SET,4,0.25286,0.015044,0.51533,0.31188,REACTOME_TOLL_LIKE_RECEPTOR_TLR1_TLR2_CASCADE
REACTOME_INTERLEUKIN_17_SIGN...,SET,4,0.25286,0.015044,0.51533,0.31188,REACTOME_INTERLEUKIN_17_SIGNALING
REACTOME_TOLL_LIKE_RECEPTOR_...1,SET,4,0.25286,0.015044,0.51533,0.31188,REACTOME_TOLL_LIKE_RECEPTOR_10_TLR10_CASCADE
REACTOME_ADORA2B_MEDIATED_AN...,SET,7,0.19108,0.015019,0.38981,0.31206,REACTOME_ADORA2B_MEDIATED_ANTI_INFLAMMATORY_CYTOKINES_PRODUCTION
REACTOME_RUNX1_REGULATES_GEN...,SET,3,0.28745,0.014818,0.5944,0.31438,REACTOME_RUNX1_REGULATES_GENES_INVOLVED_IN_MEGAKARYOCYTE_DIFFERENTIATION_AND_PLATELET_FUNCTION
REACTOME_CD28_DEPENDENT_VAV1...,SET,2,0.34929,0.014708,0.72762,0.31564,REACTOME_CD28_DEPENDENT_VAV1_PATHWAY
REACTOME_CLEC7A_DECTIN_1_IND...,SET,3,0.27843,0.014352,0.59465,0.31986,REACTOME_CLEC7A_DECTIN_1_INDUCES_NFAT_ACTIVATION
REACTOME_ADHERENS_JUNCTIONS_...,SET,7,0.1798,0.014133,0.38992,0.3224,REACTOME_ADHERENS_JUNCTIONS_INTERACTIONS
REACTOME_CARDIAC_CONDUCTION,SET,14,0.12554,0.013911,0.27661,0.32502,REACTOME_CARDIAC_CONDUCTION
REACTOME_ANTI_INFLAMMATORY_R...,SET,11,0.1388,0.013651,0.31149,0.32799,REACTOME_ANTI_INFLAMMATORY_RESPONSE_FAVOURING_LEISHMANIA_PARASITE_INFECTION
REACTOME_SEMAPHORIN_INTERACT...,SET,7,0.17344,0.013633,0.39002,0.32831,REACTOME_SEMAPHORIN_INTERACTIONS
REACTOME_THE_ROLE_OF_GTSE1_I...,SET,4,0.2248,0.013375,0.51517,0.33133,REACTOME_THE_ROLE_OF_GTSE1_IN_G2_M_PROGRESSION_AFTER_G2_CHECKPOINT
REACTOME_TAK1_ACTIVATES_NFKB...,SET,3,0.25907,0.013354,0.59485,0.33164,REACTOME_TAK1_ACTIVATES_NFKB_BY_PHOSPHORYLATION_AND_ACTIVATION_OF_IKKS_COMPLEX
REACTOME_NEGATIVE_REGULATION...6,SET,2,0.31269,0.013167,0.7277,0.33375,REACTOME_NEGATIVE_REGULATION_OF_MET_ACTIVITY
REACTOME_NEDDYLATION,SET,12,0.12674,0.013014,0.29856,0.33564,REACTOME_NEDDYLATION
REACTOME_C_TYPE_LECTIN_RECEP...,SET,11,0.12976,0.012762,0.31162,0.3386,REACTOME_C_TYPE_LECTIN_RECEPTORS_CLRS
REACTOME_MEIOTIC_SYNAPSIS,SET,4,0.21412,0.01274,0.51532,0.33892,REACTOME_MEIOTIC_SYNAPSIS
REACTOME_P130CAS_LINKAGE_TO_...,SET,3,0.24524,0.012641,0.59476,0.34009,REACTOME_P130CAS_LINKAGE_TO_MAPK_SIGNALING_FOR_INTEGRINS
REACTOME_GRB2_SOS_PROVIDES_L...,SET,3,0.24524,0.012641,0.59476,0.34009,REACTOME_GRB2_SOS_PROVIDES_LINKAGE_TO_MAPK_SIGNALING_FOR_INTEGRINS
REACTOME_ANCHORING_OF_THE_BA...,SET,9,0.14127,0.01258,0.34423,0.3408,REACTOME_ANCHORING_OF_THE_BASAL_BODY_TO_THE_PLASMA_MEMBRANE
REACTOME_NEUROTRANSMITTER_RE...1,SET,25,0.084522,0.012454,0.20835,0.34253,REACTOME_NEUROTRANSMITTER_RECEPTORS_AND_POSTSYNAPTIC_SIGNAL_TRANSMISSION
REACTOME_RETROGRADE_TRANSPOR...,SET,3,0.23776,0.012256,0.59478,0.34471,REACTOME_RETROGRADE_TRANSPORT_AT_THE_TRANS_GOLGI_NETWORK
REACTOME_COLLAGEN_BIOSYNTHES...,SET,11,0.12379,0.012176,0.31171,0.34567,REACTOME_COLLAGEN_BIOSYNTHESIS_AND_MODIFYING_ENZYMES
REACTOME_MITOTIC_G2_G2_M_PHA...,SET,12,0.11763,0.012078,0.29845,0.34678,REACTOME_MITOTIC_G2_G2_M_PHASES
REACTOME_TP53_REGULATES_TRAN...,SET,2,0.28454,0.011981,0.72817,0.34803,REACTOME_TP53_REGULATES_TRANSCRIPTION_OF_DNA_REPAIR_GENES
REACTOME_TP53_REGULATES_META...,SET,2,0.28419,0.011967,0.72796,0.34816,REACTOME_TP53_REGULATES_METABOLIC_GENES
REACTOME_RESOLUTION_OF_D_LOO...1,SET,3,0.2285,0.011779,0.59488,0.35048,REACTOME_RESOLUTION_OF_D_LOOP_STRUCTURES
REACTOME_CA2_PATHWAY,SET,10,0.12511,0.011738,0.32669,0.35091,REACTOME_CA2_PATHWAY
REACTOME_CELLULAR_RESPONSE_T...1,SET,3,0.22692,0.011697,0.59488,0.35147,REACTOME_CELLULAR_RESPONSE_TO_HEAT_STRESS
REACTOME_HSF1_DEPENDENT_TRAN...,SET,3,0.22692,0.011697,0.59488,0.35147,REACTOME_HSF1_DEPENDENT_TRANSACTIVATION
REACTOME_SIGNALING_BY_PTK6,SET,6,0.15829,0.011524,0.42096,0.35349,REACTOME_SIGNALING_BY_PTK6
REACTOME_FCERI_MEDIATED_NF_K...,SET,7,0.14405,0.011322,0.39003,0.35598,REACTOME_FCERI_MEDIATED_NF_KB_ACTIVATION
REACTOME_FACTORS_INVOLVED_IN...,SET,17,0.092428,0.011271,0.25139,0.35659,REACTOME_FACTORS_INVOLVED_IN_MEGAKARYOCYTE_DEVELOPMENT_AND_PLATELET_PRODUCTION
REACTOME_G1_S_DNA_DAMAGE_CHE...,SET,5,0.16872,0.011218,0.46106,0.35724,REACTOME_G1_S_DNA_DAMAGE_CHECKPOINTS
REACTOME_TOLL_LIKE_RECEPTOR_...2,SET,7,0.14152,0.011123,0.39001,0.35839,REACTOME_TOLL_LIKE_RECEPTOR_4_TLR4_CASCADE
REACTOME_TOLL_LIKE_RECEPTOR_...4,SET,7,0.14152,0.011123,0.39001,0.35839,REACTOME_TOLL_LIKE_RECEPTOR_CASCADES
REACTOME_MYD88_INDEPENDENT_T...,SET,5,0.15717,0.01045,0.46116,0.36666,REACTOME_MYD88_INDEPENDENT_TLR4_CASCADE
REACTOME_CHL1_INTERACTIONS,SET,3,0.20158,0.010391,0.59499,0.36741,REACTOME_CHL1_INTERACTIONS
REACTOME_CELLULAR_RESPONSES_...,SET,21,0.076173,0.010305,0.22659,0.3684,REACTOME_CELLULAR_RESPONSES_TO_EXTERNAL_STIMULI
REACTOME_METABOLISM_OF_AMINO...,SET,13,0.096115,0.010268,0.28698,0.36888,REACTOME_METABOLISM_OF_AMINO_ACIDS_AND_DERIVATIVES
REACTOME_CELL_JUNCTION_ORGAN...,SET,9,0.11433,0.010181,0.34425,0.36993,REACTOME_CELL_JUNCTION_ORGANIZATION
REACTOME_HDR_THROUGH_HOMOLOG...,SET,4,0.17054,0.010147,0.51541,0.3704,REACTOME_HDR_THROUGH_HOMOLOGOUS_RECOMBINATION_HRR
REACTOME_THE_PHOTOTRANSDUCTI...,SET,5,0.1513,0.01006,0.46094,0.3714,REACTOME_THE_PHOTOTRANSDUCTION_CASCADE
REACTOME_RECYCLING_PATHWAY_O...,SET,4,0.16052,0.0095505,0.51524,0.37772,REACTOME_RECYCLING_PATHWAY_OF_L1
REACTOME_RUNX1_REGULATES_TRA...2,SET,8,0.11103,0.0093252,0.36496,0.38051,REACTOME_RUNX1_REGULATES_TRANSCRIPTION_OF_GENES_INVOLVED_IN_DIFFERENTIATION_OF_HSCS
REACTOME_DNA_DAMAGE_BYPASS,SET,4,0.15488,0.0092145,0.51481,0.3818,REACTOME_DNA_DAMAGE_BYPASS
REACTOME_TRANSCRIPTIONAL_REG...3,SET,18,0.073276,0.0091903,0.24442,0.38219,REACTOME_TRANSCRIPTIONAL_REGULATION_BY_RUNX1
REACTOME_SYNAPTIC_ADHESION_L...,SET,2,0.21672,0.0091257,0.72642,0.38275,REACTOME_SYNAPTIC_ADHESION_LIKE_MOLECULES
REACTOME_RET_SIGNALING,SET,2,0.2152,0.0090617,0.7276,0.38373,REACTOME_RET_SIGNALING
REACTOME_NETRIN_1_SIGNALING,SET,11,0.091235,0.0089735,0.31163,0.38488,REACTOME_NETRIN_1_SIGNALING
REACTOME_CA_DEPENDENT_EVENTS,SET,5,0.13472,0.0089577,0.46097,0.38507,REACTOME_CA_DEPENDENT_EVENTS
REACTOME_MITOCHONDRIAL_BIOGE...,SET,5,0.13033,0.0086653,0.46116,0.38877,REACTOME_MITOCHONDRIAL_BIOGENESIS
REACTOME_TRANSCRIPTIONAL_ACT...,SET,5,0.13033,0.0086653,0.46116,0.38877,REACTOME_TRANSCRIPTIONAL_ACTIVATION_OF_MITOCHONDRIAL_BIOGENESIS
REACTOME_DISEASE,SET,93,0.031673,0.0087188,0.11256,0.38924,REACTOME_DISEASE
REACTOME_MITOCHONDRIAL_TRANS...,SET,2,0.18493,0.0077869,0.72795,0.39976,REACTOME_MITOCHONDRIAL_TRANSLATION
REACTOME_INTERLEUKIN_12_FAMI...,SET,2,0.16956,0.0071399,0.72798,0.40793,REACTOME_INTERLEUKIN_12_FAMILY_SIGNALING
REACTOME_INTERLEUKIN_12_SIGN...,SET,2,0.16956,0.0071399,0.72798,0.40793,REACTOME_INTERLEUKIN_12_SIGNALING
REACTOME_ASSEMBLY_AND_CELL_S...,SET,7,0.090798,0.0071368,0.38994,0.40796,REACTOME_ASSEMBLY_AND_CELL_SURFACE_PRESENTATION_OF_NMDA_RECEPTORS
REACTOME_PEPTIDE_LIGAND_BIND...,SET,8,0.082557,0.006934,0.36491,0.41053,REACTOME_PEPTIDE_LIGAND_BINDING_RECEPTORS
REACTOME_ESR_MEDIATED_SIGNAL...,SET,11,0.069104,0.0067968,0.31157,0.41226,REACTOME_ESR_MEDIATED_SIGNALING
REACTOME_CLEC7A_DECTIN_1_SIG...,SET,10,0.071308,0.0066901,0.32673,0.41364,REACTOME_CLEC7A_DECTIN_1_SIGNALING
REACTOME_TRANSCRIPTIONAL_REG...2,SET,6,0.088879,0.0064707,0.42097,0.41641,REACTOME_TRANSCRIPTIONAL_REGULATION_BY_MECP2
REACTOME_OTHER_SEMAPHORIN_IN...,SET,6,0.083722,0.0060952,0.42118,0.42124,REACTOME_OTHER_SEMAPHORIN_INTERACTIONS
REACTOME_INTEGRATION_OF_ENER...,SET,6,0.082833,0.0060304,0.42096,0.42202,REACTOME_INTEGRATION_OF_ENERGY_METABOLISM
REACTOME_REGULATION_OF_INSUL...2,SET,6,0.082833,0.0060304,0.42096,0.42202,REACTOME_REGULATION_OF_INSULIN_SECRETION
REACTOME_REPRESSION_OF_WNT_T...,SET,3,0.1156,0.005959,0.59483,0.42297,REACTOME_REPRESSION_OF_WNT_TARGET_GENES
REACTOME_RHO_GTPASES_ACTIVAT...3,SET,3,0.11297,0.0058231,0.59461,0.42468,REACTOME_RHO_GTPASES_ACTIVATE_PKNS
REACTOME_INITIAL_TRIGGERING_...,SET,2,0.1372,0.005777,0.72819,0.4253,REACTOME_INITIAL_TRIGGERING_OF_COMPLEMENT
REACTOME_INTRAFLAGELLAR_TRAN...,SET,7,0.070499,0.0055413,0.38991,0.42828,REACTOME_INTRAFLAGELLAR_TRANSPORT
REACTOME_GLUCAGON_SIGNALING_...,SET,2,0.13042,0.0054916,0.72738,0.42887,REACTOME_GLUCAGON_SIGNALING_IN_METABOLIC_REGULATION
REACTOME_AQUAPORIN_MEDIATED_...,SET,2,0.13042,0.0054916,0.72738,0.42887,REACTOME_AQUAPORIN_MEDIATED_TRANSPORT
REACTOME_VASOPRESSIN_REGULAT...,SET,2,0.13042,0.0054916,0.72738,0.42887,REACTOME_VASOPRESSIN_REGULATES_RENAL_WATER_HOMEOSTASIS_VIA_AQUAPORINS
REACTOME_PTEN_REGULATION,SET,7,0.069287,0.005446,0.39008,0.42953,REACTOME_PTEN_REGULATION
REACTOME_BIOSYNTHESIS_OF_THE...,SET,2,0.12055,0.0050762,0.72653,0.43412,REACTOME_BIOSYNTHESIS_OF_THE_N_GLYCAN_PRECURSOR_DOLICHOL_LIPID_LINKED_OLIGOSACCHARIDE_LLO_AND_TRANSFER_TO_A_NASCENT_PROTEIN
REACTOME_CYTOSOLIC_SENSORS_O...,SET,3,0.093774,0.0048339,0.59488,0.43739,REACTOME_CYTOSOLIC_SENSORS_OF_PATHOGEN_ASSOCIATED_DNA
REACTOME_TRANSPORT_OF_SMALL_...,SET,52,0.022958,0.0048184,0.14618,0.43762,REACTOME_TRANSPORT_OF_SMALL_MOLECULES
REACTOME_CELL_CELL_JUNCTION_...,SET,8,0.056236,0.0047232,0.36497,0.43879,REACTOME_CELL_CELL_JUNCTION_ORGANIZATION
REACTOME_METABOLISM_OF_STERO...1,SET,8,0.056068,0.0047092,0.36494,0.43896,REACTOME_METABOLISM_OF_STEROIDS
REACTOME_TRANSCRIPTIONAL_REG...4,SET,14,0.040736,0.004514,0.27666,0.44148,REACTOME_TRANSCRIPTIONAL_REGULATION_BY_RUNX2
REACTOME_INFLAMMASOMES,SET,2,0.10432,0.0043925,0.72832,0.44307,REACTOME_INFLAMMASOMES
REACTOME_PKA_MEDIATED_PHOSPH...,SET,2,0.10341,0.0043544,0.72793,0.44353,REACTOME_PKA_MEDIATED_PHOSPHORYLATION_OF_CREB
REACTOME_INACTIVATION_OF_CDC...,SET,2,0.10307,0.0043399,0.72831,0.44374,REACTOME_INACTIVATION_OF_CDC42_AND_RAC1
REACTOME_SEMA3A_PAK_DEPENDEN...,SET,3,0.084059,0.0043331,0.59467,0.44381,REACTOME_SEMA3A_PAK_DEPENDENT_AXON_REPULSION
REACTOME_ADAPTIVE_IMMUNE_SYS...,SET,43,0.019653,0.0037667,0.16277,0.45196,REACTOME_ADAPTIVE_IMMUNE_SYSTEM
REACTOME_RHO_GTPASES_ACTIVAT...1,SET,6,0.054258,0.0039501,0.45017,0.45204,REACTOME_RHO_GTPASES_ACTIVATE_FORMINS
REACTOME_RHO_GTPASE_CYCLE,SET,16,0.030103,0.0035628,0.25899,0.45374,REACTOME_RHO_GTPASE_CYCLE
REACTOME_PHOSPHOLIPID_METABO...,SET,17,0.029092,0.0035476,0.25136,0.45394,REACTOME_PHOSPHOLIPID_METABOLISM
REACTOME_TNFS_BIND_THEIR_PHY...,SET,2,0.083381,0.003511,0.72812,0.45442,REACTOME_TNFS_BIND_THEIR_PHYSIOLOGICAL_RECEPTORS
REACTOME_DEACTIVATION_OF_THE...,SET,3,0.06781,0.0034955,0.59482,0.45463,REACTOME_DEACTIVATION_OF_THE_BETA_CATENIN_TRANSACTIVATING_COMPLEX
REACTOME_DSCAM_INTERACTIONS,SET,3,0.06729,0.0034687,0.59446,0.45495,REACTOME_DSCAM_INTERACTIONS
REACTOME_PEROXISOMAL_LIPID_M...,SET,3,0.063566,0.0032767,0.59464,0.45744,REACTOME_PEROXISOMAL_LIPID_METABOLISM
REACTOME_ROLE_OF_PHOSPHOLIPI...,SET,5,0.048348,0.0032146,0.46099,0.45825,REACTOME_ROLE_OF_PHOSPHOLIPIDS_IN_PHAGOCYTOSIS
REACTOME_ACTIVATION_OF_ANTER...,SET,4,0.049435,0.0029412,0.51535,0.4618,REACTOME_ACTIVATION_OF_ANTERIOR_HOX_GENES_IN_HINDBRAIN_DEVELOPMENT_DURING_EARLY_EMBRYOGENESIS
REACTOME_SIGNALING_BY_WNT_IN...,SET,4,0.048116,0.0028627,0.51541,0.46282,REACTOME_SIGNALING_BY_WNT_IN_CANCER
REACTOME_M_PHASE,SET,17,0.02224,0.002712,0.25709,0.46554,REACTOME_M_PHASE
REACTOME_CA2_ACTIVATED_K_CHA...,SET,3,0.051316,0.0026452,0.59518,0.46565,REACTOME_CA2_ACTIVATED_K_CHANNELS
REACTOME_RAB_REGULATION_OF_T...,SET,7,0.033138,0.0026047,0.39003,0.46615,REACTOME_RAB_REGULATION_OF_TRAFFICKING
REACTOME_SUMOYLATION_OF_DNA_...,SET,2,0.056478,0.0023782,0.72792,0.46908,REACTOME_SUMOYLATION_OF_DNA_METHYLATION_PROTEINS
REACTOME_NEUTROPHIL_DEGRANUL...,SET,25,0.015794,0.0023271,0.20813,0.46976,REACTOME_NEUTROPHIL_DEGRANULATION
REACTOME_UB_SPECIFIC_PROCESS...,SET,12,0.022369,0.0022969,0.29859,0.47015,REACTOME_UB_SPECIFIC_PROCESSING_PROTEASES
REACTOME_NCAM1_INTERACTIONS,SET,5,0.034212,0.0022747,0.46111,0.47043,REACTOME_NCAM1_INTERACTIONS
REACTOME_GABA_RECEPTOR_ACTIV...,SET,8,0.02637,0.0022149,0.36475,0.47119,REACTOME_GABA_RECEPTOR_ACTIVATION
REACTOME_INTERACTION_BETWEEN...,SET,3,0.0414,0.0021341,0.59488,0.47226,REACTOME_INTERACTION_BETWEEN_L1_AND_ANKYRINS
REACTOME_CYCLIN_D_ASSOCIATED...,SET,4,0.028994,0.001725,0.51532,0.47757,REACTOME_CYCLIN_D_ASSOCIATED_EVENTS_IN_G1
REACTOME_INTERLEUKIN_6_SIGNA...,SET,2,0.038313,0.0016133,0.72806,0.47902,REACTOME_INTERLEUKIN_6_SIGNALING
REACTOME_MAPK3_ERK1_ACTIVATI...,SET,2,0.038313,0.0016133,0.72806,0.47902,REACTOME_MAPK3_ERK1_ACTIVATION
REACTOME_RAF_INDEPENDENT_MAP...,SET,2,0.038313,0.0016133,0.72806,0.47902,REACTOME_RAF_INDEPENDENT_MAPK1_3_ACTIVATION
REACTOME_MAPK1_ERK2_ACTIVATI...,SET,2,0.038313,0.0016133,0.72806,0.47902,REACTOME_MAPK1_ERK2_ACTIVATION
REACTOME_INTERLEUKIN_6_FAMIL...,SET,2,0.038313,0.0016133,0.72806,0.47902,REACTOME_INTERLEUKIN_6_FAMILY_SIGNALING
REACTOME_INCRETIN_SYNTHESIS_...,SET,2,0.034092,0.0014355,0.72828,0.48134,REACTOME_INCRETIN_SYNTHESIS_SECRETION_AND_INACTIVATION
REACTOME_METABOLISM_OF_CARBO...,SET,13,0.012208,0.0013041,0.28721,0.48305,REACTOME_METABOLISM_OF_CARBOHYDRATES
REACTOME_CASPASE_ACTIVATION_...,SET,2,0.022271,0.0009378,0.72825,0.4878,REACTOME_CASPASE_ACTIVATION_VIA_EXTRINSIC_APOPTOTIC_SIGNALLING_PATHWAY
REACTOME_DNA_DAMAGE_TELOMERE...,SET,4,0.014117,0.0008399,0.51523,0.48907,REACTOME_DNA_DAMAGE_TELOMERE_STRESS_INDUCED_SENESCENCE
REACTOME_ASSOCIATION_OF_TRIC...,SET,2,0.014783,0.00062247,0.72833,0.49191,REACTOME_ASSOCIATION_OF_TRIC_CCT_WITH_TARGET_PROTEINS_DURING_BIOSYNTHESIS
REACTOME_TRANSLESION_SYNTHES...1,SET,2,0.013825,0.00058213,0.72778,0.49242,REACTOME_TRANSLESION_SYNTHESIS_BY_POLK
REACTOME_RESOLUTION_OF_SISTE...,SET,4,0.0043238,0.00025725,0.57166,0.49698,REACTOME_RESOLUTION_OF_SISTER_CHROMATID_COHESION
REACTOME_ESTROGEN_DEPENDENT_...,SET,7,0.002499,0.00019642,0.3899,0.49744,REACTOME_ESTROGEN_DEPENDENT_GENE_EXPRESSION
REACTOME_INFLUENZA_INFECTION,SET,2,0.0025275,0.00010642,0.72816,0.49862,REACTOME_INFLUENZA_INFECTION
REACTOME_METABOLISM_OF_VITAM...,SET,12,0.00056161,5.7668e-05,0.29861,0.49925,REACTOME_METABOLISM_OF_VITAMINS_AND_COFACTORS
REACTOME_ERYTHROPOIETIN_ACTI...1,SET,2,-0.011958,-0.00050352,0.7275,0.50656,REACTOME_ERYTHROPOIETIN_ACTIVATES_PHOSPHOLIPASE_C_GAMMA_PLCG
REACTOME_SIGNALING_BY_ERYTHR...,SET,3,-0.01096,-0.00056499,0.59435,0.50735,REACTOME_SIGNALING_BY_ERYTHROPOIETIN
REACTOME_CLASS_B_2_SECRETIN_...,SET,4,-0.0099936,-0.00059458,0.51502,0.50774,REACTOME_CLASS_B_2_SECRETIN_FAMILY_RECEPTORS
REACTOME_RUNX1_REGULATES_EST...,SET,2,-0.017407,-0.00073298,0.72791,0.50954,REACTOME_RUNX1_REGULATES_ESTROGEN_RECEPTOR_MEDIATED_TRANSCRIPTION
REACTOME_RUNX1_REGULATES_TRA...3,SET,2,-0.017407,-0.00073298,0.72791,0.50954,REACTOME_RUNX1_REGULATES_TRANSCRIPTION_OF_GENES_INVOLVED_IN_WNT_SIGNALING
REACTOME_SIGNALING_BY_INTERL...,SET,23,-0.0054661,-0.00077321,0.21671,0.51006,REACTOME_SIGNALING_BY_INTERLEUKINS
REACTOME_FCGAMMA_RECEPTOR_FC...,SET,12,-0.0082574,-0.0008479,0.29852,0.51103,REACTOME_FCGAMMA_RECEPTOR_FCGR_DEPENDENT_PHAGOCYTOSIS
REACTOME_CD209_DC_SIGN_SIGNA...,SET,2,-0.022347,-0.000941,0.72794,0.51224,REACTOME_CD209_DC_SIGN_SIGNALING
REACTOME_G_ALPHA_Z_SIGNALLIN...,SET,6,-0.013063,-0.00095099,0.42093,0.51238,REACTOME_G_ALPHA_Z_SIGNALLING_EVENTS
REACTOME_FCGR3A_MEDIATED_IL1...,SET,4,-0.020436,-0.0012159,0.51503,0.51582,REACTOME_FCGR3A_MEDIATED_IL10_SYNTHESIS
REACTOME_CIRCADIAN_CLOCK,SET,5,-0.01954,-0.0012992,0.46121,0.51689,REACTOME_CIRCADIAN_CLOCK
REACTOME_NICOTINATE_METABOLI...,SET,3,-0.025819,-0.0013309,0.59383,0.51734,REACTOME_NICOTINATE_METABOLISM
REACTOME_INOSITOL_PHOSPHATE_...,SET,7,-0.018238,-0.0014335,0.38995,0.51865,REACTOME_INOSITOL_PHOSPHATE_METABOLISM
REACTOME_ANTIGEN_ACTIVATES_B...,SET,4,-0.024577,-0.0014622,0.51505,0.51902,REACTOME_ANTIGEN_ACTIVATES_B_CELL_RECEPTOR_BCR_LEADING_TO_GENERATION_OF_SECOND_MESSENGERS
REACTOME_POST_TRANSLATIONAL_...1,SET,9,-0.021333,-0.0018996,0.34492,0.52465,REACTOME_POST_TRANSLATIONAL_MODIFICATION_SYNTHESIS_OF_GPI_ANCHORED_PROTEINS
REACTOME_SENESCENCE_ASSOCIAT...,SET,4,-0.033008,-0.0019639,0.51539,0.52553,REACTOME_SENESCENCE_ASSOCIATED_SECRETORY_PHENOTYPE_SASP
REACTOME_G_PROTEIN_BETA_GAMM...,SET,3,-0.038431,-0.0019811,0.59435,0.52577,REACTOME_G_PROTEIN_BETA_GAMMA_SIGNALLING
REACTOME_MECP2_REGULATES_NEU...,SET,3,-0.045163,-0.0023281,0.59454,0.53027,REACTOME_MECP2_REGULATES_NEURONAL_RECEPTORS_AND_CHANNELS
REACTOME_MAP2K_AND_MAPK_ACTI...,SET,5,-0.036411,-0.002421,0.46115,0.53146,REACTOME_MAP2K_AND_MAPK_ACTIVATION
REACTOME_TRANSCRIPTIONAL_REG...9,SET,3,-0.055815,-0.0028772,0.59464,0.53738,REACTOME_TRANSCRIPTIONAL_REGULATION_OF_GRANULOPOIESIS
REACTOME_INTERLEUKIN_2_FAMIL...,SET,3,-0.06002,-0.0030939,0.59475,0.54018,REACTOME_INTERLEUKIN_2_FAMILY_SIGNALING
REACTOME_BMAL1_CLOCK_NPAS2_A...,SET,2,-0.074482,-0.0031362,0.72819,0.54072,REACTOME_BMAL1_CLOCK_NPAS2_ACTIVATES_CIRCADIAN_GENE_EXPRESSION
REACTOME_MRNA_CAPPING,SET,2,-0.076278,-0.0032119,0.72823,0.5417,REACTOME_MRNA_CAPPING
REACTOME_DEFENSINS,SET,2,-0.076231,-0.0032099,0.72757,0.54171,REACTOME_DEFENSINS
REACTOME_BETA_DEFENSINS,SET,2,-0.076231,-0.0032099,0.72757,0.54171,REACTOME_BETA_DEFENSINS
REACTOME_ANTIMICROBIAL_PEPTI...,SET,2,-0.076231,-0.0032099,0.72757,0.54171,REACTOME_ANTIMICROBIAL_PEPTIDES
REACTOME_COMPLEMENT_CASCADE,SET,5,-0.049092,-0.0032641,0.461,0.54239,REACTOME_COMPLEMENT_CASCADE
REACTOME_GABA_B_RECEPTOR_ACT...,SET,4,-0.055518,-0.0033031,0.51473,0.54294,REACTOME_GABA_B_RECEPTOR_ACTIVATION
REACTOME_DNA_DOUBLE_STRAND_B...2,SET,5,-0.049779,-0.0033097,0.46122,0.54296,REACTOME_DNA_DOUBLE_STRAND_BREAK_RESPONSE
REACTOME_MRNA_EDITING_C_TO_U...,SET,2,-0.079851,-0.0033623,0.7277,0.54368,REACTOME_MRNA_EDITING_C_TO_U_CONVERSION
REACTOME_MRNA_EDITING,SET,2,-0.079851,-0.0033623,0.7277,0.54368,REACTOME_MRNA_EDITING
REACTOME_GLYCOLYSIS,SET,3,-0.072975,-0.0037617,0.59474,0.54882,REACTOME_GLYCOLYSIS
REACTOME_GLUCOSE_METABOLISM,SET,3,-0.072975,-0.0037617,0.59474,0.54882,REACTOME_GLUCOSE_METABOLISM
REACTOME_DISORDERS_OF_TRANSM...,SET,8,-0.047047,-0.0039515,0.36499,0.55127,REACTOME_DISORDERS_OF_TRANSMEMBRANE_TRANSPORTERS
REACTOME_INTRA_GOLGI_AND_RET...,SET,12,-0.038821,-0.0039863,0.29857,0.55171,REACTOME_INTRA_GOLGI_AND_RETROGRADE_GOLGI_TO_ER_TRAFFIC
REACTOME_TIE2_SIGNALING,SET,2,-0.097179,-0.004092,0.72799,0.55308,REACTOME_TIE2_SIGNALING
REACTOME_OPIOID_SIGNALLING,SET,11,-0.04167,-0.0040985,0.31157,0.55318,REACTOME_OPIOID_SIGNALLING
REACTOME_TRANSCRIPTIONAL_REG...1,SET,2,-0.103,-0.0043371,0.72815,0.55623,REACTOME_TRANSCRIPTIONAL_REGULATION_BY_E2F6
REACTOME_GENERATION_OF_SECON...,SET,2,-0.11241,-0.0047335,0.72734,0.5614,REACTOME_GENERATION_OF_SECOND_MESSENGER_MOLECULES
REACTOME_ELASTIC_FIBRE_FORMA...,SET,5,-0.071752,-0.0047707,0.46118,0.56181,REACTOME_ELASTIC_FIBRE_FORMATION
REACTOME_GLUCURONIDATION,SET,9,-0.11713,-0.01043,0.72798,0.5639,REACTOME_GLUCURONIDATION
REACTOME_LEISHMANIA_INFECTION,SET,20,-0.037889,-0.0050046,0.2323,0.56476,REACTOME_LEISHMANIA_INFECTION
REACTOME_HDR_THROUGH_SINGLE_...,SET,2,-0.11915,-0.005017,0.72823,0.56497,REACTOME_HDR_THROUGH_SINGLE_STRAND_ANNEALING_SSA
REACTOME_CYTOKINE_SIGNALING_...,SET,47,-0.02696,-0.005392,0.15462,0.56919,REACTOME_CYTOKINE_SIGNALING_IN_IMMUNE_SYSTEM
REACTOME_G_PROTEIN_MEDIATED_...,SET,9,-0.065297,-0.0058144,0.34423,0.57521,REACTOME_G_PROTEIN_MEDIATED_EVENTS
REACTOME_HOMOLOGY_DIRECTED_R...,SET,6,-0.083083,-0.0060486,0.42121,0.57816,REACTOME_HOMOLOGY_DIRECTED_REPAIR
REACTOME_ACYL_CHAIN_REMODELL...1,SET,2,-0.14415,-0.0060698,0.72821,0.57844,REACTOME_ACYL_CHAIN_REMODELLING_OF_PC
REACTOME_ACYL_CHAIN_REMODELL...2,SET,2,-0.14415,-0.0060698,0.72821,0.57844,REACTOME_ACYL_CHAIN_REMODELLING_OF_PE
REACTOME_THE_CANONICAL_RETIN...,SET,2,-0.15392,-0.0064811,0.72825,0.58367,REACTOME_THE_CANONICAL_RETINOID_CYCLE_IN_RODS_TWILIGHT_VISION
REACTOME_RA_BIOSYNTHESIS_PAT...,SET,2,-0.15392,-0.0064811,0.72825,0.58367,REACTOME_RA_BIOSYNTHESIS_PATHWAY
REACTOME_CHROMOSOME_MAINTENA...,SET,2,-0.19868,-0.0083658,0.92092,0.58538,REACTOME_CHROMOSOME_MAINTENANCE
REACTOME_DEPOSITION_OF_NEW_C...,SET,2,-0.19868,-0.0083658,0.92092,0.58538,REACTOME_DEPOSITION_OF_NEW_CENPA_CONTAINING_NUCLEOSOMES_AT_THE_CENTROMERE
REACTOME_GROWTH_HORMONE_RECE...,SET,2,-0.15829,-0.0066652,0.72776,0.58607,REACTOME_GROWTH_HORMONE_RECEPTOR_SIGNALING
REACTOME_REGULATION_OF_IFNG_...,SET,2,-0.15829,-0.0066652,0.72776,0.58607,REACTOME_REGULATION_OF_IFNG_SIGNALING
REACTOME_REGULATION_OF_COMMI...,SET,4,-0.12016,-0.0071492,0.51555,0.59213,REACTOME_REGULATION_OF_COMMISSURAL_AXON_PATHFINDING_BY_SLIT_AND_ROBO
REACTOME_PLATELET_AGGREGATIO...,SET,4,-0.12309,-0.0073237,0.51525,0.59439,REACTOME_PLATELET_AGGREGATION_PLUG_FORMATION
REACTOME_INTEGRIN_SIGNALING,SET,4,-0.12309,-0.0073237,0.51525,0.59439,REACTOME_INTEGRIN_SIGNALING
REACTOME_N_GLYCAN_TRIMMING_I...,SET,6,-0.10123,-0.0073698,0.42118,0.59495,REACTOME_N_GLYCAN_TRIMMING_IN_THE_ER_AND_CALNEXIN_CALRETICULIN_CYCLE
REACTOME_FC_EPSILON_RECEPTOR...,SET,14,-0.067374,-0.0074658,0.27659,0.5962,REACTOME_FC_EPSILON_RECEPTOR_FCERI_SIGNALING
REACTOME_HATS_ACETYLATE_HIST...,SET,3,-0.14618,-0.0075353,0.59478,0.59705,REACTOME_HATS_ACETYLATE_HISTONES
REACTOME_ACTIVATED_PKN1_STIM...,SET,2,-0.18481,-0.0077818,0.72813,0.60015,REACTOME_ACTIVATED_PKN1_STIMULATES_TRANSCRIPTION_OF_AR_ANDROGEN_RECEPTOR_REGULATED_GENES_KLK2_AND_KLK3
REACTOME_FORMATION_OF_THE_BE...,SET,3,-0.15468,-0.0079735,0.59479,0.60257,REACTOME_FORMATION_OF_THE_BETA_CATENIN_TCF_TRANSACTIVATING_COMPLEX
REACTOME_METABOLISM_OF_LIPIDS,SET,49,-0.040439,-0.0082504,0.15303,0.60419,REACTOME_METABOLISM_OF_LIPIDS
REACTOME_SIGNALING_BY_NTRKS,SET,12,-0.079373,-0.0081502,0.29854,0.6048,REACTOME_SIGNALING_BY_NTRKS
REACTOME_HEMOSTASIS,SET,51,-0.039788,-0.0082738,0.14739,0.60637,REACTOME_HEMOSTASIS
REACTOME_DNA_DOUBLE_STRAND_B...1,SET,8,-0.10403,-0.0087374,0.36512,0.61212,REACTOME_DNA_DOUBLE_STRAND_BREAK_REPAIR
REACTOME_TRANSPORT_TO_THE_GO...,SET,11,-0.090679,-0.0089188,0.31169,0.61442,REACTOME_TRANSPORT_TO_THE_GOLGI_AND_SUBSEQUENT_MODIFICATION
REACTOME_RUNX2_REGULATES_BON...,SET,4,-0.15075,-0.0089691,0.51541,0.61502,REACTOME_RUNX2_REGULATES_BONE_DEVELOPMENT
REACTOME_SIGNALING_BY_THE_B_...,SET,10,-0.098353,-0.0092275,0.32671,0.61828,REACTOME_SIGNALING_BY_THE_B_CELL_RECEPTOR_BCR
REACTOME_HOMOLOGOUS_DNA_PAIR...,SET,3,-0.17978,-0.0092672,0.59486,0.61873,REACTOME_HOMOLOGOUS_DNA_PAIRING_AND_STRAND_EXCHANGE
REACTOME_ASPARAGINE_N_LINKED...,SET,19,-0.072236,-0.009304,0.23796,0.61924,REACTOME_ASPARAGINE_N_LINKED_GLYCOSYLATION
REACTOME_TRANSPORT_OF_INORGA...,SET,8,-0.11177,-0.0093874,0.36494,0.62027,REACTOME_TRANSPORT_OF_INORGANIC_CATIONS_ANIONS_AND_AMINO_ACIDS_OLIGOPEPTIDES
REACTOME_TCR_SIGNALING,SET,8,-0.11272,-0.009467,0.36488,0.62127,REACTOME_TCR_SIGNALING
REACTOME_SERINE_BIOSYNTHESIS,SET,2,-0.22567,-0.0095025,0.7282,0.62165,REACTOME_SERINE_BIOSYNTHESIS
REACTOME_CRMPS_IN_SEMA3A_SIG...,SET,2,-0.22823,-0.0096104,0.72821,0.62299,REACTOME_CRMPS_IN_SEMA3A_SIGNALING
REACTOME_SEMA3A_PLEXIN_REPUL...,SET,2,-0.22823,-0.0096104,0.72821,0.62299,REACTOME_SEMA3A_PLEXIN_REPULSION_SIGNALING_BY_INHIBITING_INTEGRIN_ADHESION
REACTOME_TRANSCRIPTIONAL_REG...7,SET,11,-0.099128,-0.0097497,0.31172,0.62473,REACTOME_TRANSCRIPTIONAL_REGULATION_BY_TP53
REACTOME_HIV_LIFE_CYCLE,SET,7,-0.12452,-0.0097876,0.39013,0.62517,REACTOME_HIV_LIFE_CYCLE
REACTOME_REGULATION_OF_TP53_...2,SET,4,-0.16626,-0.0098921,0.51536,0.62648,REACTOME_REGULATION_OF_TP53_ACTIVITY_THROUGH_PHOSPHORYLATION
REACTOME_CELL_CELL_COMMUNICA...,SET,12,-0.09633,-0.0098914,0.29855,0.62649,REACTOME_CELL_CELL_COMMUNICATION
REACTOME_REGULATION_OF_PTEN_...1,SET,3,-0.19792,-0.010202,0.59479,0.6303,REACTOME_REGULATION_OF_PTEN_GENE_TRANSCRIPTION
REACTOME_SYNDECAN_INTERACTIO...,SET,4,-0.17368,-0.010333,0.51521,0.63195,REACTOME_SYNDECAN_INTERACTIONS
REACTOME_EPHB_MEDIATED_FORWA...,SET,5,-0.15694,-0.010435,0.46087,0.63324,REACTOME_EPHB_MEDIATED_FORWARD_SIGNALING
REACTOME_TRANS_GOLGI_NETWORK...,SET,3,-0.20677,-0.010658,0.59481,0.6359,REACTOME_TRANS_GOLGI_NETWORK_VESICLE_BUDDING
REACTOME_GOLGI_ASSOCIATED_VE...,SET,3,-0.20677,-0.010658,0.59481,0.6359,REACTOME_GOLGI_ASSOCIATED_VESICLE_BIOGENESIS
REACTOME_DOWNSTREAM_SIGNALIN...,SET,6,-0.14699,-0.010702,0.42114,0.63644,REACTOME_DOWNSTREAM_SIGNALING_EVENTS_OF_B_CELL_RECEPTOR_BCR
REACTOME_MEMBRANE_TRAFFICKING,SET,43,-0.05653,-0.010834,0.15998,0.63806,REACTOME_MEMBRANE_TRAFFICKING
REACTOME_VESICLE_MEDIATED_TR...,SET,43,-0.05653,-0.010834,0.15998,0.63806,REACTOME_VESICLE_MEDIATED_TRANSPORT
REACTOME_DISEASES_OF_METABOL...,SET,22,-0.080326,-0.011118,0.22655,0.63851,REACTOME_DISEASES_OF_METABOLISM
REACTOME_SIGNALING_BY_RECEPT...,SET,48,-0.054159,-0.010941,0.152,0.63916,REACTOME_SIGNALING_BY_RECEPTOR_TYROSINE_KINASES
REACTOME_SIGNALING_BY_NTRK2_...,SET,3,-0.21784,-0.011229,0.59473,0.64289,REACTOME_SIGNALING_BY_NTRK2_TRKB
REACTOME_RESOLUTION_OF_D_LOO...2,SET,2,-0.26749,-0.011263,0.72824,0.64327,REACTOME_RESOLUTION_OF_D_LOOP_STRUCTURES_THROUGH_SYNTHESIS_DEPENDENT_STRAND_ANNEALING_SDSA
REACTOME_SYNTHESIS_OF_IP3_AN...,SET,5,-0.16954,-0.011272,0.46105,0.64342,REACTOME_SYNTHESIS_OF_IP3_AND_IP4_IN_THE_CYTOSOL
REACTOME_O_LINKED_GLYCOSYLAT...1,SET,16,-0.095351,-0.011285,0.25884,0.64367,REACTOME_O_LINKED_GLYCOSYLATION
REACTOME_INTERFERON_SIGNALING,SET,9,-0.13011,-0.011586,0.34431,0.6472,REACTOME_INTERFERON_SIGNALING
REACTOME_DEUBIQUITINATION,SET,18,-0.095168,-0.011936,0.24443,0.65145,REACTOME_DEUBIQUITINATION
REACTOME_RUNX2_REGULATES_OST...,SET,3,-0.23343,-0.012033,0.59483,0.65259,REACTOME_RUNX2_REGULATES_OSTEOBLAST_DIFFERENTIATION
REACTOME_SYNTHESIS_OF_GLYCOS...,SET,2,-0.28665,-0.01207,0.72806,0.65307,REACTOME_SYNTHESIS_OF_GLYCOSYLPHOSPHATIDYLINOSITOL_GPI
REACTOME_AUTOPHAGY,SET,6,-0.16587,-0.012075,0.42087,0.65321,REACTOME_AUTOPHAGY
REACTOME_SIGNALING_BY_MET,SET,8,-0.14572,-0.012239,0.36487,0.65516,REACTOME_SIGNALING_BY_MET
REACTOME_TRANSCRIPTIONAL_REG...11,SET,6,-0.16875,-0.012285,0.42106,0.65567,REACTOME_TRANSCRIPTIONAL_REGULATION_OF_WHITE_ADIPOCYTE_DIFFERENTIATION
REACTOME_RORA_ACTIVATES_GENE...,SET,3,-0.24643,-0.012703,0.59481,0.66063,REACTOME_RORA_ACTIVATES_GENE_EXPRESSION
REACTOME_PARASITE_INFECTION,SET,6,-0.17528,-0.012761,0.42112,0.66133,REACTOME_PARASITE_INFECTION
REACTOME_ACETYLCHOLINE_REGUL...,SET,2,-0.30512,-0.012848,0.72813,0.66237,REACTOME_ACETYLCHOLINE_REGULATES_INSULIN_SECRETION
REACTOME_FOXO_MEDIATED_TRANS...1,SET,6,-0.19345,-0.014084,0.44999,0.66632,REACTOME_FOXO_MEDIATED_TRANSCRIPTION
REACTOME_PEROXISOMAL_PROTEIN...,SET,3,-0.25747,-0.013272,0.59453,0.66747,REACTOME_PEROXISOMAL_PROTEIN_IMPORT
REACTOME_MOLECULES_ASSOCIATE...,SET,4,-0.22347,-0.013296,0.51532,0.66769,REACTOME_MOLECULES_ASSOCIATED_WITH_ELASTIC_FIBRES
REACTOME_GLUTATHIONE_CONJUGA...,SET,2,-0.3201,-0.013479,0.72788,0.66991,REACTOME_GLUTATHIONE_CONJUGATION
REACTOME_CD28_CO_STIMULATION,SET,3,-0.26182,-0.013496,0.59454,0.67013,REACTOME_CD28_CO_STIMULATION
REACTOME_COSTIMULATION_BY_TH...,SET,3,-0.26182,-0.013496,0.59454,0.67013,REACTOME_COSTIMULATION_BY_THE_CD28_FAMILY
REACTOME_EPHRIN_SIGNALING,SET,2,-0.32336,-0.013616,0.72778,0.67155,REACTOME_EPHRIN_SIGNALING
REACTOME_SIGNALLING_TO_ERKS,SET,2,-0.32655,-0.01375,0.728,0.67308,REACTOME_SIGNALLING_TO_ERKS
REACTOME_SIGNALLING_TO_P38_V...,SET,2,-0.32655,-0.01375,0.728,0.67308,REACTOME_SIGNALLING_TO_P38_VIA_RIT_AND_RIN
REACTOME_PROGRAMMED_CELL_DEA...,SET,11,-0.14093,-0.013861,0.31168,0.67438,REACTOME_PROGRAMMED_CELL_DEATH
REACTOME_RUNX1_INTERACTS_WIT...,SET,5,-0.21419,-0.014241,0.46097,0.67886,REACTOME_RUNX1_INTERACTS_WITH_CO_FACTORS_WHOSE_PRECISE_EFFECT_ON_RUNX1_TARGETS_IS_NOT_KNOWN
REACTOME_GABA_SYNTHESIS_RELE...,SET,3,-0.27693,-0.014275,0.59471,0.67923,REACTOME_GABA_SYNTHESIS_RELEASE_REUPTAKE_AND_DEGRADATION
REACTOME_DNA_DAMAGE_REVERSAL,SET,2,-0.34415,-0.014491,0.72807,0.68174,REACTOME_DNA_DAMAGE_REVERSAL
REACTOME_RNA_POLYMERASE_II_T...2,SET,71,-0.060772,-0.014772,0.12689,0.68397,REACTOME_RNA_POLYMERASE_II_TRANSCRIPTION
REACTOME_TRANSLESION_SYNTHES...2,SET,3,-0.28563,-0.014724,0.5942,0.68459,REACTOME_TRANSLESION_SYNTHESIS_BY_Y_FAMILY_DNA_POLYMERASES_BYPASSES_LESIONS_ON_DNA_TEMPLATE
REACTOME_TRANSCRIPTIONAL_REG...10,SET,4,-0.26009,-0.015474,0.51507,0.69316,REACTOME_TRANSCRIPTIONAL_REGULATION_OF_PLURIPOTENT_STEM_CELLS
REACTOME_EUKARYOTIC_TRANSLAT...,SET,2,-0.37568,-0.015819,0.72812,0.697,REACTOME_EUKARYOTIC_TRANSLATION_INITIATION
REACTOME_CELL_SURFACE_INTERA...,SET,5,-0.24313,-0.016166,0.46093,0.70102,REACTOME_CELL_SURFACE_INTERACTIONS_AT_THE_VASCULAR_WALL
REACTOME_G_PROTEIN_ACTIVATION,SET,2,-0.38414,-0.016175,0.7274,0.70123,REACTOME_G_PROTEIN_ACTIVATION
REACTOME_SIGNAL_AMPLIFICATION,SET,2,-0.38414,-0.016175,0.7274,0.70123,REACTOME_SIGNAL_AMPLIFICATION
REACTOME_ADP_SIGNALLING_THRO...,SET,2,-0.38414,-0.016175,0.7274,0.70123,REACTOME_ADP_SIGNALLING_THROUGH_P2Y_PURINOCEPTOR_12
REACTOME_COOPERATION_OF_PDCL...,SET,2,-0.38414,-0.016175,0.7274,0.70123,REACTOME_COOPERATION_OF_PDCL_PHLP1_AND_TRIC_CCT_IN_G_PROTEIN_BETA_FOLDING
REACTOME_BINDING_OF_TCF_LEF_...,SET,2,-0.39231,-0.016519,0.72808,0.70494,REACTOME_BINDING_OF_TCF_LEF_CTNNB1_TO_TARGET_GENE_PROMOTERS
REACTOME_RUNX3_REGULATES_WNT...,SET,2,-0.39231,-0.016519,0.72808,0.70494,REACTOME_RUNX3_REGULATES_WNT_SIGNALING
REACTOME_CELLULAR_SENESCENCE,SET,9,-0.19313,-0.017198,0.34421,0.71258,REACTOME_CELLULAR_SENESCENCE
REACTOME_COPI_INDEPENDENT_GO...,SET,5,-0.26027,-0.017305,0.46112,0.71371,REACTOME_COPI_INDEPENDENT_GOLGI_TO_ER_RETROGRADE_TRAFFIC
REACTOME_ACTIVATION_OF_KAINA...,SET,2,-0.41135,-0.017321,0.72757,0.71403,REACTOME_ACTIVATION_OF_KAINATE_RECEPTORS_UPON_GLUTAMATE_BINDING
REACTOME_PRESYNAPTIC_FUNCTIO...,SET,2,-0.41135,-0.017321,0.72757,0.71403,REACTOME_PRESYNAPTIC_FUNCTION_OF_KAINATE_RECEPTORS
REACTOME_OXIDATIVE_STRESS_IN...,SET,3,-0.33702,-0.017373,0.59451,0.71455,REACTOME_OXIDATIVE_STRESS_INDUCED_SENESCENCE
REACTOME_TRANSCRIPTIONAL_REG...8,SET,3,-0.34373,-0.017719,0.59478,0.71828,REACTOME_TRANSCRIPTIONAL_REGULATION_BY_VENTX
REACTOME_L1CAM_INTERACTIONS,SET,16,-0.15022,-0.017779,0.25904,0.71895,REACTOME_L1CAM_INTERACTIONS
REACTOME_HSP90_CHAPERONE_CYC...,SET,4,-0.30079,-0.017896,0.51528,0.72024,REACTOME_HSP90_CHAPERONE_CYCLE_FOR_STEROID_HORMONE_RECEPTORS_SHR
REACTOME_NETRIN_MEDIATED_REP...,SET,2,-0.42991,-0.018102,0.72795,0.72254,REACTOME_NETRIN_MEDIATED_REPULSION_SIGNALS
REACTOME_RECRUITMENT_OF_MITO...,SET,6,-0.25876,-0.018838,0.42093,0.73057,REACTOME_RECRUITMENT_OF_MITOTIC_CENTROSOME_PROTEINS_AND_COMPLEXES
REACTOME_REGULATION_OF_PLK1_...,SET,6,-0.25876,-0.018838,0.42093,0.73057,REACTOME_REGULATION_OF_PLK1_ACTIVITY_AT_G2_M_TRANSITION
REACTOME_AURKA_ACTIVATION_BY...,SET,6,-0.25876,-0.018838,0.42093,0.73057,REACTOME_AURKA_ACTIVATION_BY_TPX2
REACTOME_FATTY_ACID_METABOLI...,SET,10,-0.21103,-0.019799,0.3395,0.73283,REACTOME_FATTY_ACID_METABOLISM
REACTOME_PI3K_AKT_SIGNALING_...,SET,7,-0.24245,-0.019057,0.38987,0.73292,REACTOME_PI3K_AKT_SIGNALING_IN_CANCER
REACTOME_COPI_MEDIATED_ANTER...,SET,8,-0.23315,-0.019582,0.36494,0.73847,REACTOME_COPI_MEDIATED_ANTEROGRADE_TRANSPORT
REACTOME_RUNX1_REGULATES_EXP...,SET,2,-0.46731,-0.019677,0.72759,0.73958,REACTOME_RUNX1_REGULATES_EXPRESSION_OF_COMPONENTS_OF_TIGHT_JUNCTIONS
REACTOME_ER_TO_GOLGI_ANTEROG...,SET,9,-0.22294,-0.019852,0.34421,0.74134,REACTOME_ER_TO_GOLGI_ANTEROGRADE_TRANSPORT
REACTOME_REGULATION_OF_LIPID...,SET,10,-0.228,-0.021391,0.34406,0.74617,REACTOME_REGULATION_OF_LIPID_METABOLISM_BY_PPARALPHA
REACTOME_ZBP1_DAI_MEDIATED_I...,SET,2,-0.48964,-0.020618,0.72811,0.74929,REACTOME_ZBP1_DAI_MEDIATED_INDUCTION_OF_TYPE_I_IFNS
REACTOME_DDX58_IFIH1_MEDIATE...,SET,2,-0.48964,-0.020618,0.72811,0.74929,REACTOME_DDX58_IFIH1_MEDIATED_INDUCTION_OF_INTERFERON_ALPHA_BETA
REACTOME_RIP_MEDIATED_NFKB_A...,SET,2,-0.48964,-0.020618,0.72811,0.74929,REACTOME_RIP_MEDIATED_NFKB_ACTIVATION_VIA_ZBP1
REACTOME_GLYCEROPHOSPHOLIPID...,SET,11,-0.20975,-0.02063,0.31153,0.74955,REACTOME_GLYCEROPHOSPHOLIPID_BIOSYNTHESIS
REACTOME_GOLGI_TO_ER_RETROGR...,SET,8,-0.24646,-0.0207,0.36492,0.75021,REACTOME_GOLGI_TO_ER_RETROGRADE_TRANSPORT
REACTOME_DISEASES_OF_GLYCOSY...,SET,17,-0.1698,-0.020706,0.25141,0.75022,REACTOME_DISEASES_OF_GLYCOSYLATION
REACTOME_PLATELET_ACTIVATION...,SET,23,-0.14643,-0.020713,0.21679,0.75024,REACTOME_PLATELET_ACTIVATION_SIGNALING_AND_AGGREGATION
REACTOME_PURINERGIC_SIGNALIN...,SET,3,-0.40492,-0.020873,0.5948,0.75192,REACTOME_PURINERGIC_SIGNALING_IN_LEISHMANIASIS_INFECTION
REACTOME_ACTIVATED_NTRK2_SIG...,SET,2,-0.49684,-0.020921,0.72785,0.7525,REACTOME_ACTIVATED_NTRK2_SIGNALS_THROUGH_FYN
REACTOME_POU5F1_OCT4_SOX2_NA...,SET,2,-0.49713,-0.020933,0.72797,0.75259,REACTOME_POU5F1_OCT4_SOX2_NANOG_REPRESS_GENES_RELATED_TO_DIFFERENTIATION
REACTOME_FOXO_MEDIATED_TRANS...3,SET,4,-0.35451,-0.021092,0.51522,0.75423,REACTOME_FOXO_MEDIATED_TRANSCRIPTION_OF_OXIDATIVE_STRESS_METABOLIC_AND_NEURONAL_GENES
REACTOME_ADENYLATE_CYCLASE_I...,SET,2,-0.50747,-0.021368,0.72767,0.75715,REACTOME_ADENYLATE_CYCLASE_INHIBITORY_PATHWAY
REACTOME_REDUCTION_OF_CYTOSO...,SET,2,-0.5084,-0.021408,0.72748,0.7576,REACTOME_REDUCTION_OF_CYTOSOLIC_CA_LEVELS
REACTOME_MET_PROMOTES_CELL_M...,SET,6,-0.29864,-0.021741,0.42092,0.76091,REACTOME_MET_PROMOTES_CELL_MOTILITY
REACTOME_TBC_RABGAPS,SET,3,-0.4237,-0.021841,0.5946,0.76187,REACTOME_TBC_RABGAPS
REACTOME_EXTRACELLULAR_MATRI...,SET,31,-0.13406,-0.021935,0.18735,0.76279,REACTOME_EXTRACELLULAR_MATRIX_ORGANIZATION
REACTOME_SUMOYLATION_OF_INTR...,SET,3,-0.42709,-0.022016,0.59477,0.76357,REACTOME_SUMOYLATION_OF_INTRACELLULAR_RECEPTORS
REACTOME_NUCLEAR_RECEPTOR_TR...,SET,6,-0.3065,-0.022314,0.42174,0.76623,REACTOME_NUCLEAR_RECEPTOR_TRANSCRIPTION_PATHWAY
REACTOME_FOXO_MEDIATED_TRANS...2,SET,3,-0.4986,-0.025702,0.68591,0.76628,REACTOME_FOXO_MEDIATED_TRANSCRIPTION_OF_CELL_CYCLE_GENES
REACTOME_SLC_TRANSPORTER_DIS...,SET,4,-0.37673,-0.022414,0.51511,0.76764,REACTOME_SLC_TRANSPORTER_DISORDERS
REACTOME_AGGREPHAGY,SET,3,-0.43867,-0.022613,0.59446,0.76964,REACTOME_AGGREPHAGY
REACTOME_SELECTIVE_AUTOPHAGY,SET,3,-0.43867,-0.022613,0.59446,0.76964,REACTOME_SELECTIVE_AUTOPHAGY
REACTOME_NCAM_SIGNALING_FOR_...,SET,6,-0.3185,-0.023187,0.42101,0.77525,REACTOME_NCAM_SIGNALING_FOR_NEURITE_OUT_GROWTH
REACTOME_REGULATION_OF_TP53_...1,SET,8,-0.27941,-0.023468,0.36497,0.77795,REACTOME_REGULATION_OF_TP53_ACTIVITY
REACTOME_LAMININ_INTERACTIONS,SET,4,-0.39489,-0.023495,0.5152,0.77822,REACTOME_LAMININ_INTERACTIONS
REACTOME_DNA_REPAIR,SET,17,-0.19878,-0.024239,0.25702,0.78027,REACTOME_DNA_REPAIR
REACTOME_OVARIAN_TUMOR_DOMAI...,SET,4,-0.40568,-0.024136,0.51519,0.7844,REACTOME_OVARIAN_TUMOR_DOMAIN_PROTEASES
REACTOME_HCMV_INFECTION,SET,4,-0.42106,-0.025051,0.51518,0.79303,REACTOME_HCMV_INFECTION
REACTOME_HCMV_EARLY_EVENTS,SET,4,-0.42106,-0.025051,0.51518,0.79303,REACTOME_HCMV_EARLY_EVENTS
REACTOME_ROLE_OF_ABL_IN_ROBO...,SET,2,-0.59528,-0.025066,0.72809,0.79312,REACTOME_ROLE_OF_ABL_IN_ROBO_SLIT_SIGNALING
REACTOME_GLYCOGEN_BREAKDOWN_...,SET,2,-0.59723,-0.025148,0.72794,0.79392,REACTOME_GLYCOGEN_BREAKDOWN_GLYCOGENOLYSIS
REACTOME_RESPONSE_TO_ELEVATE...,SET,7,-0.32134,-0.025258,0.38981,0.79504,REACTOME_RESPONSE_TO_ELEVATED_PLATELET_CYTOSOLIC_CA2
REACTOME_ORGANELLE_BIOGENESI...,SET,26,-0.16984,-0.025509,0.20415,0.79719,REACTOME_ORGANELLE_BIOGENESIS_AND_MAINTENANCE
REACTOME_AMYLOID_FIBER_FORMA...,SET,4,-0.43805,-0.026062,0.51511,0.80235,REACTOME_AMYLOID_FIBER_FORMATION
REACTOME_BIOLOGICAL_OXIDATIO...,SET,13,-0.35823,-0.038269,0.42098,0.80251,REACTOME_BIOLOGICAL_OXIDATIONS
REACTOME_IRE1ALPHA_ACTIVATES...,SET,3,-0.50662,-0.026115,0.59468,0.80278,REACTOME_IRE1ALPHA_ACTIVATES_CHAPERONES
REACTOME_UNFOLDED_PROTEIN_RE...,SET,3,-0.50662,-0.026115,0.59468,0.80278,REACTOME_UNFOLDED_PROTEIN_RESPONSE_UPR
REACTOME_PROTEIN_FOLDING,SET,5,-0.3926,-0.026104,0.46081,0.80279,REACTOME_PROTEIN_FOLDING
REACTOME_PHASE_0_RAPID_DEPOL...,SET,4,-0.4443,-0.026434,0.51522,0.80566,REACTOME_PHASE_0_RAPID_DEPOLARISATION
REACTOME_PHASE_2_PLATEAU_PHA...,SET,3,-0.51328,-0.026459,0.59466,0.80588,REACTOME_PHASE_2_PLATEAU_PHASE
REACTOME_ACTIVATION_OF_AMPK_...,SET,2,-0.64964,-0.027355,0.72765,0.81392,REACTOME_ACTIVATION_OF_AMPK_DOWNSTREAM_OF_NMDARS
REACTOME_SYNTHESIS_SECRETION...,SET,3,-0.53094,-0.027369,0.59433,0.81407,REACTOME_SYNTHESIS_SECRETION_AND_DEACYLATION_OF_GHRELIN
REACTOME_DISEASES_ASSOCIATED...2,SET,12,-0.26788,-0.027506,0.29836,0.81526,REACTOME_DISEASES_ASSOCIATED_WITH_O_GLYCOSYLATION_OF_PROTEINS
REACTOME_CALNEXIN_CALRETICUL...,SET,5,-0.41818,-0.027804,0.461,0.81772,REACTOME_CALNEXIN_CALRETICULIN_CYCLE
REACTOME_ER_QUALITY_CONTROL_...,SET,5,-0.41818,-0.027804,0.461,0.81772,REACTOME_ER_QUALITY_CONTROL_COMPARTMENT_ERQC
REACTOME_KINESINS,SET,4,-0.47119,-0.028034,0.51489,0.81984,REACTOME_KINESINS
REACTOME_COPI_DEPENDENT_GOLG...,SET,4,-0.47119,-0.028034,0.51489,0.81984,REACTOME_COPI_DEPENDENT_GOLGI_TO_ER_RETROGRADE_TRAFFIC
REACTOME_NERVOUS_SYSTEM_DEVE...,SET,55,-0.13085,-0.028205,0.14225,0.82108,REACTOME_NERVOUS_SYSTEM_DEVELOPMENT
REACTOME_PEPTIDE_HORMONE_MET...,SET,12,-0.27531,-0.028269,0.29843,0.82177,REACTOME_PEPTIDE_HORMONE_METABOLISM
REACTOME_REGULATION_OF_TP53_...3,SET,2,-0.67443,-0.028398,0.72788,0.82282,REACTOME_REGULATION_OF_TP53_EXPRESSION_AND_DEGRADATION
REACTOME_DEATH_RECEPTOR_SIGN...,SET,12,-0.27677,-0.02842,0.29846,0.82302,REACTOME_DEATH_RECEPTOR_SIGNALLING
REACTOME_MITOTIC_PROMETAPHASE,SET,11,-0.30395,-0.029895,0.3227,0.82678,REACTOME_MITOTIC_PROMETAPHASE
REACTOME_G_ALPHA_12_13_SIGNA...,SET,8,-0.35458,-0.029781,0.36488,0.83431,REACTOME_G_ALPHA_12_13_SIGNALLING_EVENTS
REACTOME_PROTEIN_UBIQUITINAT...,SET,3,-0.58194,-0.029998,0.59404,0.83626,REACTOME_PROTEIN_UBIQUITINATION
REACTOME_E3_UBIQUITIN_LIGASE...,SET,3,-0.58194,-0.029998,0.59404,0.83626,REACTOME_E3_UBIQUITIN_LIGASES_UBIQUITINATE_TARGET_PROTEINS
REACTOME_INSULIN_PROCESSING,SET,6,-0.41352,-0.030106,0.42089,0.83696,REACTOME_INSULIN_PROCESSING
REACTOME_TRANSPORT_OF_ORGANI...,SET,4,-0.5073,-0.030183,0.51485,0.83766,REACTOME_TRANSPORT_OF_ORGANIC_ANIONS
REACTOME_TRANSPORT_OF_BILE_S...,SET,7,-0.38902,-0.030577,0.38962,0.84086,REACTOME_TRANSPORT_OF_BILE_SALTS_AND_ORGANIC_ACIDS_METAL_IONS_AND_AMINE_COMPOUNDS
REACTOME_INTERFERON_GAMMA_SI...,SET,6,-0.42563,-0.030987,0.42091,0.84393,REACTOME_INTERFERON_GAMMA_SIGNALING
REACTOME_TRANSLATION,SET,7,-0.39462,-0.031017,0.38989,0.84415,REACTOME_TRANSLATION
REACTOME_RECRUITMENT_OF_NUMA...,SET,7,-0.39678,-0.031188,0.38975,0.84556,REACTOME_RECRUITMENT_OF_NUMA_TO_MITOTIC_CENTROSOMES
REACTOME_SIGNAL_TRANSDUCTION...,SET,3,-0.61895,-0.031906,0.59431,0.85105,REACTOME_SIGNAL_TRANSDUCTION_BY_L1
REACTOME_FORMATION_OF_SENESC...,SET,2,-0.76166,-0.032072,0.7275,0.85232,REACTOME_FORMATION_OF_SENESCENCE_ASSOCIATED_HETEROCHROMATIN_FOCI_SAHF
REACTOME_FCERI_MEDIATED_CA_2...,SET,6,-0.44224,-0.032196,0.42075,0.85327,REACTOME_FCERI_MEDIATED_CA_2_MOBILIZATION
REACTOME_SUMOYLATION_OF_CHRO...,SET,3,-0.62745,-0.032344,0.5945,0.85427,REACTOME_SUMOYLATION_OF_CHROMATIN_ORGANIZATION_PROTEINS
REACTOME_CILIUM_ASSEMBLY,SET,21,-0.24046,-0.032531,0.22642,0.85576,REACTOME_CILIUM_ASSEMBLY
REACTOME_INTERFERON_ALPHA_BE...,SET,2,-0.77915,-0.032808,0.72764,0.85775,REACTOME_INTERFERON_ALPHA_BETA_SIGNALING
REACTOME_O_GLYCOSYLATION_OF_...,SET,11,-0.34041,-0.033481,0.31147,0.86266,REACTOME_O_GLYCOSYLATION_OF_TSR_DOMAIN_CONTAINING_PROTEINS
REACTOME_SUMOYLATION,SET,11,-0.34056,-0.033496,0.31158,0.86268,REACTOME_SUMOYLATION
REACTOME_SUMOYLATION_OF_RNA_...,SET,2,-0.80936,-0.03408,0.72771,0.86685,REACTOME_SUMOYLATION_OF_RNA_BINDING_PROTEINS
REACTOME_EPH_EPHRIN_SIGNALING,SET,8,-0.41223,-0.034623,0.36471,0.8707,REACTOME_EPH_EPHRIN_SIGNALING
REACTOME_SIGNALING_BY_VEGF,SET,14,-0.314,-0.034794,0.27651,0.87181,REACTOME_SIGNALING_BY_VEGF
REACTOME_RNA_POLYMERASE_III_...,SET,2,-0.82997,-0.034948,0.72744,0.87293,REACTOME_RNA_POLYMERASE_III_TRANSCRIPTION
REACTOME_FATTY_ACYL_COA_BIOS...,SET,5,-0.52856,-0.035143,0.46052,0.87433,REACTOME_FATTY_ACYL_COA_BIOSYNTHESIS
REACTOME_NEPHRIN_FAMILY_INTE...,SET,2,-0.83593,-0.035199,0.7277,0.87454,REACTOME_NEPHRIN_FAMILY_INTERACTIONS
REACTOME_VEGFR2_MEDIATED_VAS...,SET,6,-0.48775,-0.035509,0.42077,0.87668,REACTOME_VEGFR2_MEDIATED_VASCULAR_PERMEABILITY
REACTOME_METABOLISM_OF_WATER...,SET,8,-0.4265,-0.035822,0.36448,0.8789,REACTOME_METABOLISM_OF_WATER_SOLUBLE_VITAMINS_AND_COFACTORS
REACTOME_NON_INTEGRIN_MEMBRA...,SET,9,-0.41113,-0.03661,0.34404,0.88383,REACTOME_NON_INTEGRIN_MEMBRANE_ECM_INTERACTIONS
REACTOME_INTERLEUKIN_4_AND_I...,SET,7,-0.47654,-0.037456,0.38974,0.88915,REACTOME_INTERLEUKIN_4_AND_INTERLEUKIN_13_SIGNALING
REACTOME_IRON_UPTAKE_AND_TRA...,SET,3,-0.73231,-0.037749,0.59436,0.89091,REACTOME_IRON_UPTAKE_AND_TRANSPORT
REACTOME_SYNTHESIS_OF_VERY_L...,SET,2,-0.89777,-0.037803,0.72768,0.89122,REACTOME_SYNTHESIS_OF_VERY_LONG_CHAIN_FATTY_ACYL_COAS
REACTOME_SYNTHESIS_OF_PC,SET,4,-0.638,-0.037959,0.51446,0.8924,REACTOME_SYNTHESIS_OF_PC
REACTOME_PHASE_II_CONJUGATIO...,SET,12,-0.59949,-0.061557,0.46071,0.90328,REACTOME_PHASE_II_CONJUGATION_OF_COMPOUNDS
REACTOME_DEVELOPMENTAL_BIOLO...,SET,74,-0.16256,-0.040282,0.1237,0.90547,REACTOME_DEVELOPMENTAL_BIOLOGY
REACTOME_TRNA_AMINOACYLATION,SET,3,-0.79036,-0.040742,0.59431,0.90808,REACTOME_TRNA_AMINOACYLATION
REACTOME_FCERI_MEDIATED_MAPK...,SET,4,-0.6934,-0.041255,0.51454,0.91097,REACTOME_FCERI_MEDIATED_MAPK_ACTIVATION
REACTOME_CARBOXYTERMINAL_POS...,SET,2,-1.0025,-0.042215,0.72731,0.91582,REACTOME_CARBOXYTERMINAL_POST_TRANSLATIONAL_MODIFICATIONS_OF_TUBULIN
REACTOME_PLASMA_LIPOPROTEIN_...,SET,2,-1.0115,-0.04259,0.72754,0.91763,REACTOME_PLASMA_LIPOPROTEIN_ASSEMBLY_REMODELING_AND_CLEARANCE
REACTOME_DCC_MEDIATED_ATTRAC...,SET,2,-1.0281,-0.043292,0.72728,0.92113,REACTOME_DCC_MEDIATED_ATTRACTIVE_SIGNALING
REACTOME_ECM_PROTEOGLYCANS,SET,10,-0.46747,-0.043858,0.32653,0.92373,REACTOME_ECM_PROTEOGLYCANS
REACTOME_EGR2_AND_SOX10_MEDI...,SET,5,-0.65983,-0.043872,0.46073,0.92381,REACTOME_EGR2_AND_SOX10_MEDIATED_INITIATION_OF_SCHWANN_CELL_MYELINATION
REACTOME_MYOGENESIS,SET,3,-0.86249,-0.04446,0.59428,0.92651,REACTOME_MYOGENESIS
REACTOME_SPRY_REGULATION_OF_...,SET,2,-1.0575,-0.04453,0.72739,0.92686,REACTOME_SPRY_REGULATION_OF_FGF_SIGNALING
REACTOME_NEGATIVE_REGULATION...2,SET,2,-1.0575,-0.04453,0.72739,0.92686,REACTOME_NEGATIVE_REGULATION_OF_FGFR1_SIGNALING
REACTOME_NEGATIVE_REGULATION...3,SET,2,-1.0575,-0.04453,0.72739,0.92686,REACTOME_NEGATIVE_REGULATION_OF_FGFR2_SIGNALING
REACTOME_NEGATIVE_REGULATION...4,SET,2,-1.0575,-0.04453,0.72739,0.92686,REACTOME_NEGATIVE_REGULATION_OF_FGFR3_SIGNALING
REACTOME_NEGATIVE_REGULATION...5,SET,2,-1.0575,-0.04453,0.72739,0.92686,REACTOME_NEGATIVE_REGULATION_OF_FGFR4_SIGNALING
REACTOME_SIGNALING_BY_FGFR1,SET,2,-1.0575,-0.04453,0.72739,0.92686,REACTOME_SIGNALING_BY_FGFR1
REACTOME_SIGNALING_BY_FGFR3,SET,2,-1.0575,-0.04453,0.72739,0.92686,REACTOME_SIGNALING_BY_FGFR3
REACTOME_SIGNALING_BY_FGFR4,SET,2,-1.0575,-0.04453,0.72739,0.92686,REACTOME_SIGNALING_BY_FGFR4
REACTOME_HIV_TRANSCRIPTION_I...,SET,4,-0.75163,-0.044719,0.51493,0.92767,REACTOME_HIV_TRANSCRIPTION_INITIATION
REACTOME_P75_NTR_RECEPTOR_ME...,SET,10,-0.47758,-0.044807,0.32646,0.92811,REACTOME_P75_NTR_RECEPTOR_MEDIATED_SIGNALLING
REACTOME_COPII_MEDIATED_VESI...,SET,2,-1.0841,-0.04565,0.72703,0.9319,REACTOME_COPII_MEDIATED_VESICLE_TRANSPORT
REACTOME_SIGNALING_BY_FGFR,SET,3,-0.89601,-0.046187,0.59415,0.93408,REACTOME_SIGNALING_BY_FGFR
REACTOME_SIGNALING_BY_FGFR2,SET,3,-0.89601,-0.046187,0.59415,0.93408,REACTOME_SIGNALING_BY_FGFR2
REACTOME_SUMOYLATION_OF_TRAN...,SET,3,-0.89917,-0.04635,0.59416,0.93476,REACTOME_SUMOYLATION_OF_TRANSCRIPTION_COFACTORS
REACTOME_TRANSPORT_OF_VITAMI...,SET,5,-0.72395,-0.048135,0.46039,0.94194,REACTOME_TRANSPORT_OF_VITAMINS_NUCLEOSIDES_AND_RELATED_MOLECULES
REACTOME_MET_ACTIVATES_PTK2_...,SET,4,-0.80967,-0.048172,0.51476,0.94199,REACTOME_MET_ACTIVATES_PTK2_SIGNALING
REACTOME_SLC_MEDIATED_TRANSM...,SET,20,-0.36633,-0.048388,0.23172,0.94291,REACTOME_SLC_MEDIATED_TRANSMEMBRANE_TRANSPORT
REACTOME_PRESYNAPTIC_DEPOLAR...,SET,2,-1.1586,-0.048787,0.72732,0.94428,REACTOME_PRESYNAPTIC_DEPOLARIZATION_AND_CALCIUM_CHANNEL_OPENING
REACTOME_REGULATION_OF_INSUL...1,SET,9,-0.54946,-0.048927,0.34393,0.94479,REACTOME_REGULATION_OF_INSULIN_LIKE_GROWTH_FACTOR_IGF_TRANSPORT_AND_UPTAKE_BY_INSULIN_LIKE_GROWTH_FACTOR_BINDING_PROTEINS_IGFBPS
REACTOME_TRANSCRIPTION_OF_TH...,SET,5,-0.74734,-0.04969,0.46066,0.94749,REACTOME_TRANSCRIPTION_OF_THE_HIV_GENOME
REACTOME_CYTOSOLIC_TRNA_AMIN...,SET,2,-1.1997,-0.050518,0.72715,0.95038,REACTOME_CYTOSOLIC_TRNA_AMINOACYLATION
REACTOME_SELENOAMINO_ACID_ME...,SET,2,-1.1997,-0.050518,0.72715,0.95038,REACTOME_SELENOAMINO_ACID_METABOLISM
REACTOME_METABOLISM_OF_PORPH...,SET,4,-1.1594,-0.068977,0.68372,0.95488,REACTOME_METABOLISM_OF_PORPHYRINS
REACTOME_GAP_JUNCTION_TRAFFI...,SET,2,-1.2489,-0.052589,0.72691,0.95697,REACTOME_GAP_JUNCTION_TRAFFICKING_AND_REGULATION
REACTOME_RHO_GTPASES_ACTIVAT...2,SET,2,-1.2507,-0.052664,0.72684,0.95721,REACTOME_RHO_GTPASES_ACTIVATE_IQGAPS
REACTOME_POST_TRANSLATIONAL_...2,SET,93,-0.19283,-0.053082,0.11139,0.95815,REACTOME_POST_TRANSLATIONAL_PROTEIN_MODIFICATION
REACTOME_NRAGE_SIGNALS_DEATH...,SET,8,-0.6345,-0.053292,0.36448,0.959,REACTOME_NRAGE_SIGNALS_DEATH_THROUGH_JNK
REACTOME_CELL_DEATH_SIGNALLI...,SET,8,-0.6345,-0.053292,0.36448,0.959,REACTOME_CELL_DEATH_SIGNALLING_VIA_NRAGE_NRIF_AND_NADE
REACTOME_GLYCOGEN_SYNTHESIS,SET,2,-1.2959,-0.054566,0.72675,0.96258,REACTOME_GLYCOGEN_SYNTHESIS
REACTOME_RNA_POLYMERASE_II_T...1,SET,5,-0.82354,-0.054757,0.46042,0.96303,REACTOME_RNA_POLYMERASE_II_TRANSCRIBES_SNRNA_GENES
REACTOME_SODIUM_CALCIUM_EXCH...,SET,3,-1.0664,-0.054973,0.59386,0.9636,REACTOME_SODIUM_CALCIUM_EXCHANGERS
REACTOME_TRANSLOCATION_OF_SL...,SET,5,-0.82726,-0.055004,0.46039,0.96368,REACTOME_TRANSLOCATION_OF_SLC2A4_GLUT4_TO_THE_PLASMA_MEMBRANE
REACTOME_HEME_DEGRADATION,SET,3,-1.3483,-0.069502,0.72442,0.96851,REACTOME_HEME_DEGRADATION
REACTOME_EPH_EPHRIN_MEDIATED...,SET,4,-0.96545,-0.057441,0.51452,0.96957,REACTOME_EPH_EPHRIN_MEDIATED_REPULSION_OF_CELLS
REACTOME_IMMUNOREGULATORY_IN...,SET,5,-0.93836,-0.062391,0.4991,0.96982,REACTOME_IMMUNOREGULATORY_INTERACTIONS_BETWEEN_A_LYMPHOID_AND_A_NON_LYMPHOID_CELL
REACTOME_BILE_ACID_AND_BILE_...,SET,2,-1.3712,-0.057737,0.72714,0.9702,REACTOME_BILE_ACID_AND_BILE_SALT_METABOLISM
REACTOME_RECYCLING_OF_BILE_A...,SET,2,-1.3712,-0.057737,0.72714,0.9702,REACTOME_RECYCLING_OF_BILE_ACIDS_AND_SALTS
REACTOME_GLYCOGEN_METABOLISM,SET,3,-1.1568,-0.059629,0.59357,0.97421,REACTOME_GLYCOGEN_METABOLISM
REACTOME_GPVI_MEDIATED_ACTIV...,SET,3,-1.1599,-0.059792,0.59339,0.97457,REACTOME_GPVI_MEDIATED_ACTIVATION_CASCADE
REACTOME_VXPX_CARGO_TARGETIN...,SET,3,-1.1686,-0.060237,0.59372,0.97535,REACTOME_VXPX_CARGO_TARGETING_TO_CILIUM
REACTOME_APOPTOTIC_CLEAVAGE_...1,SET,5,-0.93442,-0.062129,0.46018,0.97873,REACTOME_APOPTOTIC_CLEAVAGE_OF_CELLULAR_PROTEINS
REACTOME_APOPTOTIC_EXECUTION...,SET,5,-0.93442,-0.062129,0.46018,0.97873,REACTOME_APOPTOTIC_EXECUTION_PHASE
REACTOME_CONSTITUTIVE_SIGNAL...2,SET,2,-1.5048,-0.063365,0.7266,0.98071,REACTOME_CONSTITUTIVE_SIGNALING_BY_AKT1_E17K_IN_CANCER
REACTOME_DAP12_INTERACTIONS,SET,2,-1.7336,-0.072998,0.72575,0.99146,REACTOME_DAP12_INTERACTIONS
REACTOME_DAP12_SIGNALING,SET,2,-1.7336,-0.072998,0.72575,0.99146,REACTOME_DAP12_SIGNALING
REACTOME_SIGNALING_BY_HIPPO,SET,2,-1.7492,-0.073656,0.72618,0.99192,REACTOME_SIGNALING_BY_HIPPO
REACTOME_APOPTOTIC_CLEAVAGE_...2,SET,2,-1.7492,-0.073656,0.72618,0.99192,REACTOME_APOPTOTIC_CLEAVAGE_OF_CELL_ADHESION_PROTEINS
REACTOME_FANCONI_ANEMIA_PATH...,SET,2,-2.2901,-0.096431,0.91792,0.99363,REACTOME_FANCONI_ANEMIA_PATHWAY
REACTOME_CARGO_TRAFFICKING_T...,SET,5,-1.3475,-0.089593,0.45917,0.9983,REACTOME_CARGO_TRAFFICKING_TO_THE_PERICILIARY_MEMBRANE
